PesticideInRiver,RiverFlow,FishAbundance,Rainfall,ENSO,TreeCond,Irrigation,Drought,PesticideUse,CropYield,CropWater
*,*,*,*,*,*,*,No,*,1.19916,*
*,*,*,*,Neutral,*,*,*,2.17154,5.09606,*
*,26.8922,*,*,Neutral,*,*,Yes,*,*,73.2366
*,*,*,*,*,*,*,No,*,*,*
8.41913,*,*,*,*,Good,*,*,*,0.937554,*
1.70264,*,*,*,El_Nino,*,*,*,*,*,*
*,*,*,*,*,*,*,*,*,*,*
*,*,*,*,Neutral,Good,*,*,*,*,*
*,*,*,*,*,*,*,*,*,*,*
*,*,*,*,*,Good,Yes,*,*,*,*
*,*,*,*,*,Good,*,*,4.79886,*,*
*,*,176.817,*,*,*,*,*,*,*,*
*,*,*,*,*,*,No,*,*,1.6586,*
*,*,*,*,*,Good,No,*,*,*,*
*,*,*,*,*,*,*,*,*,6.13928,*
*,*,*,31.2114,*,*,*,*,*,1.69218,*
*,*,*,*,*,*,*,*,*,6.75612,*
*,*,*,*,*,Good,*,*,*,*,*
*,*,60.09,*,*,*,No,No,*,*,*
*,*,*,*,*,Damaged,*,*,*,*,*
*,87.0924,*,*,*,*,*,*,*,*,47.3162
*,*,*,*,*,Good,Yes,*,*,*,*
*,*,*,93.3404,*,*,Yes,No,*,*,*
*,*,*,*,*,*,*,*,*,*,*
*,*,*,*,*,*,*,*,4.46509,4.98002,*
*,*,*,*,*,*,*,*,4.12275,*,*
*,*,34.0112,*,*,*,*,Yes,*,*,91.2977
3.18203,*,*,*,*,*,*,No,2.3626,1.36453,2.78532
*,*,*,*,El_Nino,*,*,*,*,1.66484,3.82549
*,*,4.48711,146.394,*,*,*,*,2.37678,1.7969,42.1966
*,*,*,*,*,*,*,*,*,*,*
*,*,123.52,*,*,Damaged,*,*,*,*,*
*,*,50.1342,*,*,*,*,No,*,*,*
*,*,*,*,*,*,*,*,*,0.933184,11.544
*,127.651,*,153.334,*,Good,*,*,*,*,*
*,*,*,*,*,*,*,*,*,8.90261,*
*,*,*,*,*,Good,*,No,*,*,*
*,*,20.1756,*,*,*,Yes,*,*,0.93022,*
4.60402,311.572,*,*,*,*,*,*,*,*,*
*,*,*,*,*,Damaged,*,*,4.60702,*,*
*,*,11.8894,288.478,*,*,*,*,*,*,*
*,*,*,*,*,*,*,*,4.57738,*,*
*,*,*,*,Neutral,Good,*,No,*,*,*
*,*,*,*,*,*,*,*,*,*,*
*,*,*,168.149,*,*,*,Yes,*,*,*
8.71896,13.2375,*,*,*,Good,*,*,*,*,97.376
*,*,*,*,*,*,*,*,*,*,*
*,*,*,91.6807,Neutral,Dead,Yes,*,4.77514,*,*
*,*,38.9051,*,*,*,*,Yes,3.02759,5.90771,*
*,*,*,*,Neutral,*,No,*,*,*,7.52408
*,*,*,*,*,*,*,No,*,*,17.9641
*,*,*,*,*,Good,*,*,*,7.74402,293.397
1.85741,*,*,*,*,Good,*,*,*,*,*
*,*,*,*,*,*,No,*,*,*,*
*,*,132.36,*,*,*,*,*,*,0.0964357,*
*,*,*,*,*,*,*,*,*,8.02858,*
*,*,*,*,*,*,*,*,*,*,*
*,5.10621,*,*,Neutral,*,*,*,1.69923,1.47635,*
*,*,*,*,*,*,No,*,*,0.961152,*
0.468697,*,*,*,*,*,*,*,*,*,*
*,*,*,172.664,*,*,*,*,*,*,*
*,*,73.5479,*,*,*,*,*,4.53996,0.392235,*
1.13172,*,*,*,*,*,*,*,0.57793,*,25.4167
1.6632,*,*,*,El_Nino,*,*,*,*,*,*
*,154.494,63.0622,*,*,Good,*,*,3.94977,*,*
*,*,*,*,*,*,*,*,*,*,*
*,*,*,155.345,*,Good,Yes,*,*,*,*
*,*,*,*,*,*,*,*,*,*,*
*,*,*,*,*,*,*,*,*,*,*
*,327.231,10.1138,316.365,*,*,*,*,*,*,*
*,*,*,44.6871,*,*,*,*,*,*,*
*,*,67.455,*,*,*,No,*,*,*,*
*,225.966,*,180.219,*,*,*,*,*,*,*
*,*,*,*,*,*,*,*,*,*,*
4.57354,*,*,*,Neutral,*,*,Yes,*,*,*
*,*,*,*,*,*,*,*,2.50619,7.20276,*
*,97.2746,*,189.885,*,*,Yes,*,*,*,67.6536
*,*,*,193.394,*,*,*,No,*,*,*
*,*,*,*,*,Dead,*,Yes,*,0.737344,*
*,*,95.3185,*,*,*,No,*,*,*,90.3639
*,*,*,*,*,*,*,*,4.22014,*,*
*,*,*,*,*,*,*,*,*,*,*
*,*,*,*,El_Nino,*,*,*,2.80862,*,*
1.91234,*,*,*,Neutral,*,*,*,2.57581,4.99772,137.915
*,17.4197,10.2937,90.1816,*,*,*,*,3.7979,*,162.494
*,*,*,*,*,*,*,*,*,1.89181,*
0.174187,*,*,*,Neutral,*,*,No,*,6.84625,*
2.03921,*,*,390.406,La_Nina,Damaged,*,*,3.97238,3.33564,*
*,*,*,*,Neutral,*,*,*,*,*,*
*,*,84.7754,*,*,*,*,*,3.38809,*,*
*,*,14.9689,*,El_Nino,*,Yes,*,*,*,1.20499
4.68191,*,*,*,*,*,*,No,*,*,*
2.90451,*,*,*,*,*,*,*,*,*,136.277
*,*,194.379,*,*,Good,*,*,*,*,*
*,*,86.3526,*,Neutral,*,*,*,*,*,*
*,318.903,153.95,183.86,*,*,No,*,*,*,97.8597
*,*,*,*,*,*,No,*,*,*,*
*,121.275,*,*,*,*,*,*,*,5.4745,*
*,*,13.287,122.172,*,*,*,*,*,0.667945,266.004
*,*,180.687,*,*,*,*,*,*,*,*
*,25.3085,*,1.94658,*,Damaged,*,No,*,0.928197,*
*,*,*,*,Neutral,*,*,*,*,*,*
*,*,*,*,*,*,*,*,*,1.55756,*
*,*,*,*,Neutral,Damaged,*,*,*,*,*
*,*,190.01,*,*,Good,*,*,*,0.309225,18.6677
*,*,*,*,Neutral,*,No,*,*,*,*
*,*,*,388.555,La_Nina,*,*,No,*,*,*
*,*,16.4187,*,*,*,*,*,*,*,4.54927
5.3473,*,*,*,*,*,*,*,*,*,*
0.965588,*,42.9328,72.1087,*,*,*,*,*,0.597911,*
*,306.578,*,*,*,*,*,*,4.41893,*,*
*,*,94.4481,*,*,Good,*,*,4.97148,*,*
*,*,*,*,Neutral,*,*,*,*,*,*
*,*,*,*,*,*,*,*,*,9.15857,*
*,*,*,*,*,*,*,*,*,*,*
*,*,*,*,*,*,*,*,*,*,369.8
1.93337,*,*,116.657,*,Damaged,No,*,4.01803,*,*
*,*,*,*,*,*,*,No,*,*,*
0.742182,381.697,*,59.0146,La_Nina,*,*,*,*,*,*
*,131.389,*,193.179,*,*,No,*,*,*,*
*,*,*,110.962,*,*,*,*,*,*,*
*,*,49.8111,*,*,*,*,*,*,0.106346,*
*,*,*,*,*,*,*,*,*,*,*
0.312956,*,*,*,*,*,*,*,*,*,*
6.26768,*,*,*,*,*,*,No,*,*,*
*,2.73277,*,*,Neutral,*,*,Yes,*,*,*
*,89.1318,*,*,*,Dead,*,Yes,*,*,25.6481
*,*,*,*,*,*,*,*,4.87345,*,*
*,*,*,*,*,*,*,*,*,*,*
*,*,*,*,*,*,*,No,*,2.465,*
1.2895,*,*,*,*,*,*,*,*,*,*
0.0590915,*,33.5378,*,*,*,*,No,2.55794,*,*
*,*,*,*,Neutral,*,*,*,*,*,325.304
*,*,*,*,*,*,*,*,*,0.108682,*
*,*,*,*,*,Good,*,Yes,4.69368,*,22.0074
*,32.0427,29.3241,*,*,*,*,*,1.66243,*,*
7.42375,*,*,*,*,*,*,*,2.49377,*,*
*,*,*,32.5038,*,*,*,*,*,0.524384,28.0587
7.96992,*,*,*,*,Good,*,*,*,*,*
1.62847,*,31.4954,*,*,*,*,No,*,*,*
*,*,*,*,*,*,*,*,*,*,*
*,*,*,*,*,Good,*,*,*,*,*
6.10152,*,*,*,*,*,*,*,*,3.47847,*
2.13096,*,183.261,*,*,*,*,No,3.7826,*,*
*,356.574,*,*,Neutral,*,No,*,3.10992,*,*
*,6.53225,19.4729,*,*,*,*,*,*,*,*
*,*,*,113.245,*,Good,*,*,*,*,*
*,*,*,*,*,*,*,*,*,0.15721,*
*,*,*,*,Neutral,*,*,*,*,*,*
*,*,*,*,*,Dead,*,*,*,*,*
*,*,*,*,*,*,*,*,*,*,*
*,*,*,*,*,*,*,*,*,*,99.1184
*,*,*,*,El_Nino,*,*,*,*,*,*
*,*,*,*,*,*,*,*,*,*,*
*,19.257,*,139.247,*,*,*,*,2.24221,*,*
*,*,155.01,*,*,*,*,*,*,*,69.8428
*,*,*,*,*,*,*,*,3.28906,*,*
6.21229,*,*,*,Neutral,*,*,*,2.22229,5.56075,185.509
*,*,*,145.965,*,*,*,*,3.95664,9.5166,*
*,*,20.5846,*,*,*,Yes,*,*,*,*
*,*,*,154.398,Neutral,*,*,*,*,*,*
4.72478,*,67.2148,*,La_Nina,*,*,No,*,*,68.967
*,8.5763,*,*,*,*,*,*,*,*,*
*,*,*,*,La_Nina,*,*,*,3.03549,*,*
*,*,31.1935,*,*,Good,*,*,*,0.514449,44.9859
*,*,*,*,*,Good,Yes,*,*,0.662639,*
*,*,*,*,El_Nino,*,No,*,*,0.224374,*
*,2.25958,*,120.989,*,*,*,Yes,*,*,*
*,*,39.163,*,La_Nina,*,*,No,4.72495,5.27683,*
*,*,3.64667,*,*,*,*,*,*,*,*
*,*,*,134.583,Neutral,*,*,*,*,*,15.5047
*,*,*,*,*,*,*,*,3.96344,*,*
*,*,*,*,*,*,No,*,*,7.52675,*
*,*,*,*,*,*,*,*,*,0.210096,*
*,*,*,*,*,*,*,Yes,*,*,*
*,*,*,*,*,*,*,No,*,*,*
*,*,*,156.506,*,*,*,Yes,*,*,*
*,*,132.738,56.7228,Neutral,Good,*,*,*,*,*
*,*,*,128.787,*,*,*,Yes,*,*,*
*,*,*,*,*,*,*,Yes,*,*,*
*,*,*,*,*,Damaged,*,*,*,*,*
*,132.071,*,*,La_Nina,*,No,*,*,0.939462,*
*,*,*,56.8001,Neutral,Good,*,*,*,*,*
0.778681,*,*,*,Neutral,*,*,*,*,*,230.856
1.10159,*,*,*,*,*,*,*,1.21281,*,*
*,*,*,*,*,*,*,*,*,*,*
*,*,65.0611,*,*,*,*,No,*,*,*
*,*,*,*,*,*,*,*,*,3.8572,*
*,*,38.5056,*,*,Dead,*,*,*,*,*
*,*,*,124.613,*,*,*,*,*,*,*
*,*,123.528,*,*,*,*,*,*,*,*
*,*,*,169.1,*,*,No,*,*,*,*
*,*,*,*,Neutral,Damaged,*,*,*,*,151.19
8.69369,*,*,*,*,*,*,*,*,*,*
*,*,*,*,El_Nino,*,*,*,*,*,*
*,*,24.217,120.741,*,*,Yes,*,*,*,*
*,231.917,*,*,*,*,*,*,*,*,*
*,*,63.3988,*,*,*,Yes,*,*,6.2074,*
1.95201,74.7269,*,*,*,*,*,*,*,*,*
*,*,*,117.782,*,Good,No,No,*,*,*
*,*,*,*,*,*,*,*,*,*,*
*,*,*,*,La_Nina,*,*,*,*,*,*
1.31298,*,*,*,Neutral,*,*,No,*,*,*
*,*,*,*,*,*,Yes,No,*,*,*
*,326.365,*,87.0147,Neutral,*,*,*,*,*,*
*,*,*,*,*,*,*,*,*,*,*
*,*,10.8894,189.445,*,*,*,Yes,*,*,*
1.8426,*,*,*,*,*,*,*,4.03356,*,47.5542
1.50958,*,144.482,*,*,*,*,*,0.55722,*,*
*,*,71.8145,0.840026,*,*,*,*,*,1.44386,92.2346
*,*,27.6376,*,*,*,*,*,*,*,*
*,*,*,*,*,*,*,*,4.51671,1.70321,53.8955
1.79694,18.7196,12.6511,176.51,*,*,No,*,1.55786,*,*
*,*,*,*,Neutral,Damaged,*,*,*,*,*
*,*,*,*,Neutral,*,*,*,*,*,72.5829
*,*,*,*,*,*,*,*,*,*,242.451
*,*,*,*,*,*,*,*,*,*,*
*,*,0.0459137,*,*,*,*,*,*,*,*
*,*,*,*,*,Good,*,No,*,*,*
*,*,*,*,*,*,No,Yes,4.62421,*,*
*,396.769,16.5337,*,*,*,*,Yes,*,*,*
*,*,*,*,*,*,Yes,*,*,*,*
*,*,82.8741,*,*,*,*,*,*,*,*
*,*,*,70.3318,*,*,Yes,*,1.96658,*,216.145
*,*,*,*,*,Good,*,*,2.00587,*,14.4829
*,*,*,*,*,Good,*,*,*,*,*
*,*,*,*,*,Good,*,*,2.02902,*,*
*,13.2382,*,*,Neutral,*,*,*,*,6.27151,20.7043
*,*,93.771,166.82,*,*,*,*,*,*,*
*,*,*,*,*,*,No,*,*,*,*
*,*,*,*,*,*,*,No,*,*,*
*,*,*,*,*,*,*,*,*,*,*
2.82332,*,*,*,*,*,*,*,*,*,259.748
*,*,11.1407,*,*,*,No,*,*,*,*
*,*,*,78.6747,*,*,No,No,*,*,*
*,*,*,*,*,*,*,*,*,*,*
*,*,30.7754,*,*,*,*,*,*,*,*
*,*,*,*,*,*,No,*,*,*,*
*,*,*,65.7553,*,*,*,*,2.17742,*,*
1.43697,319.266,*,*,*,Damaged,*,No,*,*,*
*,*,*,23.5568,*,*,*,*,*,*,*
*,*,*,105.27,Neutral,Good,*,*,*,5.13292,357.786
1.90418,3.27748,*,*,*,*,*,*,*,*,*
0.227258,*,*,*,*,*,*,No,4.32839,*,*
*,*,*,*,*,*,*,*,*,1.94033,83.6157
*,*,*,*,La_Nina,*,No,*,*,*,*
*,*,*,72.7005,*,*,*,Yes,*,*,*
*,*,135.43,*,*,*,*,*,*,*,*
*,*,*,*,*,*,Yes,No,*,*,*
*,*,29.255,*,*,Good,*,*,*,*,*
*,*,*,120.728,*,Damaged,*,Yes,*,*,*
*,81.1778,*,*,*,*,*,*,2.55346,*,*
0.67592,*,35.2844,*,*,*,*,Yes,3.00215,*,*
*,333.294,*,*,*,*,*,Yes,*,*,*
*,*,*,*,Neutral,*,*,*,*,*,*
*,*,*,*,La_Nina,*,*,*,*,*,*
*,*,95.3982,*,El_Nino,*,*,No,3.56927,*,*
*,*,*,*,*,*,*,Yes,*,*,92.295
1.08007,59.6958,11.5481,*,*,*,*,*,*,*,*
*,*,*,*,*,*,*,No,*,*,*
9.58875,*,*,*,*,*,*,*,*,*,*
*,284.774,*,*,*,*,No,Yes,2.17528,*,*
*,*,*,*,*,*,*,*,4.07894,*,*
2.81248,*,60.3912,*,Neutral,*,No,*,*,*,*
*,*,*,*,*,*,Yes,No,0.212225,*,*
*,62.1211,*,*,Neutral,*,*,*,*,*,*
*,*,*,68.716,*,*,*,*,*,5.14072,306.341
*,*,*,*,El_Nino,*,*,*,*,*,*
*,*,*,130.405,*,*,*,No,3.13,*,*
*,*,*,*,*,*,*,No,*,*,*
*,*,*,50.7487,*,*,*,*,*,*,*
8.95574,*,*,*,*,Good,*,*,*,*,*
8.81827,7.81086,*,*,*,*,*,*,*,*,*
*,*,*,193.119,*,*,Yes,No,*,*,*
1.59449,*,*,163.186,*,*,*,*,*,9.30271,*
*,*,*,*,*,Good,*,No,*,2.52615,*
2.88373,*,*,*,La_Nina,*,*,*,3.33069,*,*
*,*,172.132,*,*,Good,*,*,*,*,*
1.45165,*,*,*,*,*,*,*,*,*,*
*,*,*,*,Neutral,*,*,*,*,*,*
*,*,*,*,*,Damaged,*,Yes,*,*,*
*,*,*,64.9247,*,Good,*,*,*,*,42.2945
*,*,*,*,La_Nina,*,*,*,*,*,*
*,*,*,65.8078,*,*,No,*,*,*,*
*,*,*,*,*,*,*,*,2.04452,*,*
*,95.901,*,25.6453,*,Damaged,*,*,3.00002,*,*
3.86923,*,*,*,*,*,*,*,*,*,*
*,212.647,*,167.84,Neutral,*,*,No,*,*,190.662
*,*,*,*,*,*,*,Yes,2.08769,*,*
*,*,175.577,*,*,*,*,No,0.70407,*,*
*,*,*,*,*,*,*,*,*,*,*
*,330.036,65.0115,*,*,*,*,No,*,*,*
*,*,*,*,*,*,*,*,*,0.49566,*
9.52905,*,*,*,*,*,No,*,*,0.620224,*
*,*,*,363.449,*,*,*,*,*,*,221.951
*,*,79.3662,*,*,*,*,*,*,*,*
7.86564,*,*,75.4729,*,*,*,*,3.70814,*,*
*,344.745,*,*,*,*,*,*,*,*,*
3.10442,*,*,*,*,Damaged,No,No,*,*,*
*,172.17,*,*,*,*,No,*,*,1.53287,*
*,*,8.38626,*,*,*,*,*,*,*,21.6844
*,46.7199,*,*,*,*,Yes,*,4.55062,*,*
*,67.0903,*,*,El_Nino,Dead,*,*,*,0.41726,*
*,*,*,*,*,*,*,*,*,*,*
*,*,*,*,*,*,*,*,*,0.399337,*
*,*,*,*,*,*,*,*,*,*,*
*,328.522,*,*,*,*,*,*,*,*,314.072
0.544396,*,*,90.0492,*,*,No,*,*,*,*
*,*,*,15.3259,*,*,*,*,*,6.00912,*
*,*,*,*,Neutral,*,*,*,*,*,81.8157
*,*,140.208,*,*,Good,*,*,*,*,*
*,*,46.858,50.1104,*,*,No,Yes,*,*,*
9.35238,28.4135,*,*,*,*,*,*,*,*,*
*,86.0452,*,317.702,*,*,*,*,*,*,*
*,*,*,*,*,Good,Yes,*,*,*,*
*,*,*,*,Neutral,*,Yes,No,*,4.64613,125.116
*,*,173.302,167.471,*,*,*,No,*,*,382.968
*,*,*,*,*,*,Yes,*,3.40043,0.820944,*
6.20515,*,*,*,Neutral,*,*,Yes,*,*,*
*,71.2576,39.7028,31.5426,*,*,*,*,*,*,*
*,*,*,*,*,*,*,*,4.26612,8.75562,*
*,*,*,*,*,*,No,*,*,*,231.017
*,*,21.6954,*,*,*,No,*,*,*,*
*,*,*,*,*,*,No,No,*,*,239.863
*,*,*,*,*,*,Yes,*,*,*,*
*,*,*,*,*,*,*,No,4.85458,*,*
*,*,29.4903,*,*,*,*,No,*,0.2721,359.098
2.79717,*,*,*,*,*,*,*,*,*,95.4614
*,*,69.7833,*,*,*,No,Yes,*,*,42.4842
*,*,*,*,Neutral,*,*,No,*,*,*
*,*,*,*,*,*,*,*,*,7.75145,*
*,58.3814,*,*,*,*,*,*,*,0.40638,*
7.75071,*,52.5948,*,*,*,*,*,*,*,*
*,*,21.3983,*,*,Damaged,*,*,*,0.818051,34.6474
*,*,*,*,*,*,*,*,*,*,*
*,*,*,*,El_Nino,*,Yes,No,*,*,*
*,*,*,*,*,Good,*,*,*,1.13337,*
*,*,109.291,*,*,*,*,*,*,*,*
3.87025,*,*,*,*,*,*,*,*,*,288.066
7.61108,*,51.5356,*,*,*,*,*,*,3.41022,167.343
*,*,*,*,*,Good,Yes,*,*,*,70.8865
*,*,*,*,*,*,*,*,2.11443,0.498933,*
*,*,*,*,La_Nina,*,*,No,*,*,*
8.34392,*,*,*,*,*,*,*,*,*,95.9278
*,*,*,146.026,*,*,*,*,4.4123,*,*
*,*,*,182.407,*,Good,*,*,*,4.181,*
*,*,69.7234,133.148,*,*,*,*,*,*,*
*,*,*,*,*,*,*,*,*,*,*
*,*,*,*,*,Damaged,*,*,*,*,*
*,*,*,*,*,*,No,*,*,*,*
*,*,*,*,*,*,*,*,*,*,99.7492
4.67401,370.793,*,*,La_Nina,Good,*,*,*,6.78536,*
*,8.2199,49.8703,*,*,*,*,*,*,*,*
*,61.7839,*,*,*,*,*,No,*,1.54026,83.8349
8.08435,*,*,*,Neutral,*,*,*,*,*,47.2076
*,*,*,*,Neutral,*,*,*,3.07996,1.62034,*
*,*,*,*,*,*,*,No,*,*,13.8976
*,*,113.513,*,Neutral,*,*,*,*,*,*
1.55456,*,1.42761,*,*,*,Yes,*,2.0991,1.03036,*
*,*,*,97.1618,*,*,*,*,*,1.69724,*
1.00584,81.7468,*,*,*,*,*,*,*,*,*
5.57032,258.702,27.664,*,*,*,*,*,*,1.49692,*
*,*,71.6073,*,Neutral,*,*,*,*,9.45994,*
*,122.426,*,*,*,*,Yes,*,*,4.90152,*
*,394.558,*,183.711,*,*,*,*,*,*,*
*,*,*,*,*,*,No,*,*,0.394296,*
*,*,*,*,*,*,*,*,*,*,*
*,*,*,*,*,*,*,No,3.73409,*,*
*,*,*,*,*,*,Yes,*,*,*,*
*,*,*,*,*,*,Yes,*,*,*,*
*,*,64.8066,*,Neutral,*,No,*,*,*,*
4.06185,112.358,*,129.523,Neutral,*,Yes,*,*,*,*
*,91.7191,*,*,*,Damaged,*,*,*,*,*
*,*,*,*,*,*,*,No,*,*,*
*,*,*,*,*,*,Yes,*,*,*,*
*,*,*,85.8236,La_Nina,*,*,*,3.03819,*,*
*,34.7812,*,*,*,Good,*,*,*,*,*
*,*,*,*,*,*,*,Yes,4.53185,*,*
*,*,*,*,El_Nino,*,Yes,*,*,*,*
*,*,*,*,*,*,No,No,*,*,*
9.20229,*,*,*,*,*,*,No,*,*,*
*,*,*,*,*,*,*,*,1.14759,1.90354,*
3.37604,*,*,*,*,Good,*,*,*,*,*
*,*,*,325.51,*,*,No,*,*,*,68.6769
*,*,*,*,*,*,*,*,4.6927,*,*
*,*,*,*,*,*,No,*,*,*,*
1.79166,*,*,*,*,Dead,*,*,*,0.868595,*
*,*,*,128.906,*,*,*,*,*,*,*
*,*,*,*,*,*,*,No,*,*,*
*,*,*,*,*,*,*,*,*,*,*
*,23.0867,*,*,Neutral,*,*,*,*,*,86.3244
6.88337,*,*,*,*,*,*,*,*,4.68631,*
*,65.5657,*,*,*,*,*,*,*,*,31.4098
*,*,18.1849,*,*,Good,*,*,*,4.9643,*
*,67.3659,*,*,*,*,*,No,4.68208,*,*
*,75.7556,*,*,*,*,*,*,*,*,*
*,*,*,*,Neutral,Good,*,*,*,*,*
*,*,45.5024,*,El_Nino,*,*,*,*,*,*
3.03568,164.618,144.464,*,*,Good,*,*,*,*,*
1.32943,*,*,*,*,Good,*,No,*,0.0658079,*
*,37.2703,*,*,*,*,*,*,*,*,*
*,*,*,*,*,*,Yes,*,*,0.0378497,*
*,316.885,*,*,*,Good,*,*,0.446665,*,*
*,*,*,62.5247,*,*,*,*,*,*,*
*,*,14.9753,*,*,*,*,*,4.58958,*,*
*,*,*,*,*,*,*,*,*,*,*
5.13596,*,*,193.507,*,*,*,No,*,1.39188,84.4193
*,*,*,*,*,*,Yes,*,*,*,*
*,*,*,*,Neutral,Good,*,*,4.26091,0.0512231,*
*,*,98.998,*,*,Damaged,*,*,*,0.565774,*
6.93779,*,*,*,Neutral,*,*,*,4.02402,*,*
1.09482,*,25.7009,*,*,*,No,*,*,0.663046,228.597
*,*,*,*,*,*,*,Yes,*,*,*
*,34.7363,*,116.974,*,*,*,No,*,*,*
*,*,31.1854,*,*,*,*,Yes,*,*,*
*,*,*,*,Neutral,*,*,*,*,0.899506,*
*,104.379,*,*,*,*,*,No,*,*,*
4.93693,*,*,*,*,*,*,*,*,*,*
*,*,*,*,*,Damaged,*,*,*,*,46.021
*,96.796,26.2202,*,*,Good,*,*,*,*,*
*,*,*,302.435,*,*,*,*,*,2.70274,*
*,*,*,*,*,*,*,No,*,*,*
*,*,*,*,*,Good,*,*,0.471974,0.187674,*
*,*,50.5679,*,*,*,*,*,2.94777,*,116.35
*,*,*,59.1468,*,*,*,*,*,*,*
*,*,*,161.098,*,*,No,*,*,8.03684,292.313
*,*,19.1793,*,*,*,*,No,*,0.292853,75.0231
*,46.8244,*,*,*,Dead,No,*,*,*,*
*,*,*,*,*,*,Yes,No,*,3.11104,*
*,24.2881,*,*,*,*,*,*,*,*,*
6.66357,*,*,*,*,Good,*,*,4.9082,1.84363,*
*,38.5742,*,*,Neutral,*,*,*,*,*,*
6.48069,70.8908,30.585,*,*,*,*,*,4.82406,0.573206,63.407
*,*,*,*,*,*,*,*,*,0.374979,*
*,*,*,100.966,*,*,*,*,0.138435,*,98.4402
*,*,*,*,*,*,*,*,*,0.705233,*
*,*,*,*,*,Damaged,No,*,*,*,*
*,399.141,*,89.0108,*,*,*,*,3.02012,3.31303,*
*,*,27.1514,123.615,La_Nina,*,*,*,*,*,387.568
*,*,0.798569,*,*,*,*,No,*,*,*
*,144.73,*,*,*,*,*,*,3.31165,*,*
*,*,170.698,*,Neutral,*,No,No,*,8.26583,*
*,*,*,*,*,*,*,*,3.15269,9.59585,*
*,244.502,*,*,*,*,*,*,*,*,*
*,*,*,212.334,*,*,Yes,Yes,3.53339,*,*
7.95053,*,127.555,*,*,Good,*,*,*,*,*
8.8652,*,*,*,El_Nino,*,*,*,2.81709,*,*
*,*,163.602,112.55,*,*,*,*,*,*,*
6.18971,*,23.278,*,*,*,*,*,*,*,*
0.969031,*,*,*,*,*,*,*,*,*,*
*,356.298,*,*,*,*,*,*,3.20777,*,379.187
*,18.6618,*,*,*,*,No,*,*,*,*
*,*,*,*,*,Good,*,No,1.93281,*,274.562
*,203.861,*,186.597,*,*,No,*,*,*,269.182
*,*,*,*,*,*,*,*,*,*,81.575
*,63.5333,*,*,*,*,*,*,*,*,*
*,*,*,*,*,Good,*,*,*,*,13.4203
*,375.653,98.5787,*,*,Good,*,No,*,*,*
0.261511,*,*,*,El_Nino,*,*,*,*,*,*
1.29235,*,*,*,*,*,*,*,*,*,*
*,261.779,*,*,Neutral,*,*,*,*,*,*
*,*,25.9147,*,El_Nino,*,*,*,*,*,*
*,*,*,92.726,*,Damaged,*,*,*,*,*
*,55.4123,*,181.572,Neutral,*,*,*,*,*,*
*,*,*,*,*,Good,No,*,*,*,*
1.25177,*,12.7374,*,*,*,*,*,*,*,*
*,*,*,*,*,*,No,*,*,*,*
*,*,*,*,*,*,*,*,4.40787,*,*
*,*,*,384.662,*,Good,*,*,*,*,*
0.905634,*,18.4781,*,*,*,Yes,*,*,*,56.2945
8.9057,*,*,*,La_Nina,*,*,*,*,*,*
*,*,*,*,*,*,*,*,*,*,*
*,*,*,*,*,*,*,*,*,*,*
*,*,*,*,*,*,*,*,2.23731,*,16.6149
*,*,*,27.5474,El_Nino,*,Yes,No,*,*,*
*,*,31.0493,*,*,*,*,*,*,*,*
*,*,*,*,*,Damaged,*,Yes,*,*,*
*,*,*,*,El_Nino,*,Yes,*,*,*,*
*,*,*,181.908,*,*,*,*,*,*,*
4.15473,*,*,*,*,*,*,*,*,*,*
3.45662,*,*,*,*,*,*,*,*,*,25.2851
*,*,*,*,*,*,*,*,*,*,*
*,87.6052,*,*,El_Nino,*,*,*,*,*,*
*,68.6189,*,156.543,*,*,*,*,*,0.538872,*
*,*,*,*,*,*,*,*,*,*,*
*,353.962,*,*,*,*,No,No,*,*,*
*,*,*,*,Neutral,*,No,*,*,1.4729,35.3932
*,*,45.9109,*,*,*,Yes,*,2.04282,*,*
*,*,*,172.103,*,*,*,*,*,*,*
8.27108,*,62.3756,*,*,*,*,*,*,*,*
*,*,*,144.9,*,Good,*,*,2.44684,*,32.7689
*,*,*,196.065,Neutral,*,*,*,*,*,*
2.95284,*,*,120.84,*,*,*,*,*,*,10.295
1.60255,*,*,32.3318,*,Good,*,No,*,*,*
*,*,*,*,Neutral,*,*,*,*,*,107.907
*,*,*,*,*,*,*,*,*,*,*
0.255395,*,22.4063,*,*,*,Yes,No,*,*,*
*,*,*,*,Neutral,*,*,*,*,*,*
*,*,*,*,*,*,*,*,*,*,*
*,*,*,*,*,*,*,*,*,*,251.405
*,*,*,*,*,*,*,No,*,*,*
1.13248,*,*,*,*,*,*,*,2.01743,*,154.274
*,*,*,192.518,Neutral,*,*,*,*,6.92791,*
*,245.23,*,*,*,*,*,*,*,*,*
*,54.2515,*,*,*,*,*,*,*,*,*
9.1499,*,*,*,*,*,No,No,*,*,*
0.714859,*,*,139.658,*,*,*,*,*,*,*
1.64951,*,31.2297,*,*,Damaged,*,*,*,0.308044,*
*,*,*,*,*,*,*,*,*,*,*
*,*,*,*,*,*,*,No,*,1.77353,*
7.96376,*,34.192,*,*,*,*,*,*,*,*
*,*,*,*,*,Good,*,No,*,*,*
*,*,*,60.2763,*,*,*,*,*,*,*
*,*,55.7265,*,*,*,*,Yes,*,*,70.5764
*,125.708,*,100.96,Neutral,*,*,*,*,*,*
1.21585,*,*,*,*,*,*,*,2.56124,7.93444,182.653
*,*,*,*,*,Good,*,*,*,*,*
*,39.9354,*,*,*,*,*,*,*,*,62.6353
*,*,*,141.137,Neutral,*,*,*,*,*,*
*,*,*,196.027,*,*,*,*,*,*,*
*,*,*,*,*,*,*,*,*,*,*
*,*,*,47.3396,*,*,*,*,*,*,*
*,234.727,*,*,*,*,*,*,*,*,*
4.554,*,34.1523,*,*,*,*,*,*,2.86162,*
0.0743675,221.64,*,*,*,Good,*,*,*,*,75.4206
*,*,*,*,*,*,*,*,*,8.49492,*
*,*,*,*,*,*,*,*,*,*,57.9108
*,138.022,170.363,*,*,*,*,*,*,*,*
*,*,*,29.7916,*,*,*,*,*,*,*
*,*,*,*,*,*,*,*,*,*,*
*,*,*,31.8381,El_Nino,*,*,*,*,*,*
8.93137,*,*,192.967,*,*,No,*,2.55639,0.888784,*
*,75.1884,*,*,*,*,*,*,*,1.93345,*
*,*,91.6613,*,*,*,*,*,*,0.00321059,*
*,*,*,*,*,*,*,*,*,*,*
7.40929,208.347,*,*,*,*,*,*,*,*,*
*,*,*,147.465,*,Good,*,*,4.65195,*,*
7.57967,*,*,*,*,*,*,*,3.14292,*,*
*,*,11.9849,*,*,Damaged,*,*,*,0.903461,*
*,*,42.9536,*,*,*,No,*,*,*,50.2279
*,*,*,*,La_Nina,Good,*,*,4.75399,*,*
*,*,*,*,*,*,No,*,*,*,*
0.499856,19.6501,*,*,*,Good,*,No,*,*,*
*,*,*,54.861,*,Damaged,*,*,*,*,74.1514
*,*,*,*,*,*,*,No,*,*,*
*,*,*,*,*,*,*,*,*,*,*
*,*,60.1825,*,El_Nino,*,*,*,*,*,16.4629
*,*,*,*,*,*,*,*,*,*,387.457
8.43585,*,*,*,*,*,*,*,*,*,*
*,*,19.6775,*,*,*,*,No,*,*,*
*,*,*,*,*,Good,*,*,*,*,138.646
*,*,*,*,*,Good,*,*,*,*,60.9802
*,*,13.3953,*,*,*,*,*,*,*,*
*,*,78.5199,385.475,*,*,*,*,*,*,*
*,*,*,*,*,*,*,*,*,7.44995,*
*,*,*,*,*,*,*,*,4.77842,*,*
*,*,*,174.015,*,Good,*,*,0.824602,*,*
*,*,*,*,Neutral,*,*,No,*,*,230.408
*,*,*,*,Neutral,*,*,*,*,*,*
0.17577,*,*,43.4826,*,*,*,*,*,*,*
*,*,*,*,La_Nina,Damaged,*,Yes,*,*,*
*,*,*,*,*,Damaged,*,*,3.67504,1.05056,*
*,*,*,*,*,*,No,*,2.27066,*,*
*,*,95.997,*,*,*,*,*,*,9.09784,*
1.88746,49.2218,*,*,*,*,*,No,3.44925,*,*
*,*,*,*,*,*,*,Yes,*,1.60817,*
*,6.27149,*,1.87436,*,*,*,*,*,*,*
8.13547,*,*,*,Neutral,*,*,No,*,*,*
*,207.758,186.65,187.377,*,*,*,*,*,*,*
*,12.3702,73.6201,117.947,Neutral,Good,*,*,*,*,59.2754
*,*,*,*,La_Nina,*,*,Yes,*,*,*
*,*,*,*,La_Nina,*,*,*,1.50836,*,*
8.58153,*,*,75.3459,*,*,*,*,*,*,*
*,*,*,*,*,*,*,*,*,*,*
0.638898,181.284,*,*,*,*,No,*,*,*,*
*,*,*,50.2225,*,*,*,*,*,*,54.497
3.79544,*,*,*,*,*,*,*,4.64264,*,*
0.937026,*,*,*,*,*,*,*,2.20825,1.20241,83.2915
*,345.297,*,136.718,*,Good,Yes,*,0.95846,0.588213,*
*,*,*,*,*,Damaged,*,*,*,0.0445859,*
*,152.641,*,*,Neutral,*,*,*,*,*,*
1.91707,*,*,*,*,*,*,No,4.08276,*,*
*,*,*,139.606,Neutral,Damaged,*,*,*,*,*
*,36.4964,20.707,*,Neutral,*,*,*,*,*,*
*,*,*,11.9634,*,*,No,*,0.859126,0.474175,*
*,*,*,*,*,*,*,Yes,*,1.51701,*
*,*,*,*,*,*,Yes,*,*,*,*
*,*,*,*,*,*,*,*,*,*,*
*,*,*,142.589,Neutral,*,*,Yes,*,*,*
*,83.431,*,*,*,Good,*,*,4.77057,*,*
*,*,*,*,*,Good,*,*,*,*,*
*,*,*,*,*,*,Yes,*,*,*,*
*,*,*,*,La_Nina,*,*,*,*,*,*
*,*,*,*,*,*,*,*,*,*,51.7237
1.65704,*,*,*,*,*,*,*,*,*,*
1.20584,54.3194,*,*,*,*,*,*,*,0.489876,*
9.49675,*,*,*,*,Good,Yes,*,*,*,*
*,*,*,*,*,*,*,*,*,*,*
*,*,*,*,*,*,*,No,*,*,*
2.16812,*,*,169.441,*,*,*,Yes,3.77662,*,*
*,*,*,*,*,*,*,*,3.06867,*,229.767
*,*,*,*,*,*,*,*,3.59616,*,*
*,*,*,*,*,*,*,Yes,*,*,*
1.20908,*,*,*,*,*,*,No,*,*,*
*,*,8.66782,*,*,*,*,*,*,*,*
*,*,*,83.3672,*,*,No,No,*,*,*
*,*,*,85.0609,*,Damaged,*,*,*,0.738407,*
*,*,22.2722,*,*,Good,*,*,*,*,15.9653
*,*,*,*,*,*,*,*,*,*,*
*,*,*,*,*,Dead,*,*,*,*,82.3954
*,*,98.2306,113.61,*,*,No,*,*,1.45189,24.1462
*,*,*,*,*,*,*,*,*,*,104.232
*,391.324,*,358.871,*,Good,*,*,*,*,*
*,*,*,*,*,*,*,No,*,0.159325,*
*,*,*,90.2861,La_Nina,*,Yes,*,*,*,*
*,*,*,*,*,*,*,*,2.83375,*,*
*,*,*,*,*,*,Yes,*,*,*,*
9.01881,*,*,213.61,*,*,*,*,4.61679,*,*
*,*,*,*,Neutral,*,*,*,4.15662,*,*
*,*,7.71859,*,*,*,*,*,*,*,*
*,*,6.33305,*,*,Dead,*,*,*,*,65.3814
*,*,*,74.5482,*,*,Yes,*,3.24949,*,*
*,*,24.7131,*,*,*,*,*,*,1.42413,*
*,*,71.918,*,Neutral,*,*,*,*,*,*
*,*,*,*,*,*,*,*,*,*,37.6981
*,*,16.9499,*,*,*,*,*,3.20094,*,*
*,284.334,*,*,*,Good,*,*,*,*,*
*,*,*,116.978,*,*,Yes,No,*,*,*
2.86551,*,12.017,*,*,*,No,*,4.02564,1.58197,*
*,*,*,178.574,*,*,Yes,No,*,*,*
*,22.8018,*,*,*,Good,*,*,*,2.30948,105.469
*,*,*,*,La_Nina,*,*,*,*,9.82525,*
*,*,*,*,*,*,*,*,*,*,82.7659
*,83.0406,*,*,*,*,*,*,2.57814,*,270.627
*,172.304,*,115.243,*,*,*,*,*,*,*
*,*,47.8549,360.923,La_Nina,*,No,No,*,*,*
3.61312,*,*,*,*,*,*,*,*,*,*
*,*,*,113.186,*,*,*,No,*,4.75661,*
*,*,*,*,*,*,*,*,*,*,*
*,*,*,*,*,*,*,*,*,*,378.446
7.79402,280.883,136.989,*,*,*,*,*,*,*,*
*,*,*,*,Neutral,*,*,*,*,*,*
*,*,*,*,*,*,*,*,*,*,*
0.590349,*,*,*,*,*,*,No,*,*,*
*,*,*,*,El_Nino,*,*,*,*,1.45534,*
*,74.9341,*,*,Neutral,*,*,Yes,*,*,*
2.23802,*,*,*,*,*,*,*,*,*,*
*,*,*,*,*,Good,*,*,*,1.26629,*
*,26.4276,*,*,Neutral,*,*,*,*,*,*
*,*,*,*,*,*,Yes,*,*,*,*
9.83087,*,42.934,*,*,*,No,*,*,*,*
2.38795,*,*,*,*,*,*,*,*,5.38068,*
*,*,*,*,*,Dead,*,*,*,*,*
*,1.86565,*,*,*,*,*,*,*,*,*
*,*,96.5172,*,*,Damaged,*,*,3.7236,*,*
*,*,172.267,*,Neutral,*,*,*,2.444,0.264074,*
*,*,*,*,*,Damaged,*,Yes,2.92783,*,*
*,*,78.9417,*,*,*,*,*,*,*,*
0.162494,55.1046,*,*,*,*,*,*,2.60228,*,57.004
*,*,*,*,*,*,*,*,*,*,*
0.577599,*,51.7757,*,*,Good,*,*,*,*,*
*,*,*,*,*,*,*,*,*,9.61609,*
*,*,*,*,*,*,*,*,*,*,*
*,325.575,*,*,*,*,Yes,Yes,*,*,*
*,*,*,94.0307,*,Damaged,*,*,*,8.11723,*
8.08531,*,*,*,*,*,*,No,4.60305,*,*
0.79802,*,*,*,*,*,*,*,*,*,*
*,379.006,*,*,La_Nina,*,*,*,2.06421,*,*
*,*,*,80.93,Neutral,*,*,*,*,1.74637,*
*,*,*,*,*,*,*,*,3.49166,7.76001,*
*,*,*,*,*,Damaged,*,*,4.59177,*,*
*,*,*,*,*,*,*,*,*,*,*
4.33553,*,20.4264,*,La_Nina,*,Yes,*,*,3.78292,*
*,*,*,*,*,*,*,*,*,*,*
*,*,*,*,*,*,*,*,*,*,*
*,183.119,*,*,*,*,*,*,2.3095,*,*
*,*,*,*,*,*,*,*,4.69431,*,*
*,2.7282,*,*,El_Nino,*,*,Yes,*,1.18386,*
0.0320411,*,*,*,*,Damaged,*,No,*,*,*
*,*,26.4164,*,*,*,*,*,*,*,*
0.547013,*,*,*,Neutral,*,*,No,*,*,*
*,*,*,*,*,Good,*,*,*,*,*
*,*,*,*,*,*,*,*,*,*,*
5.47537,*,*,276.142,*,*,*,*,*,*,*
*,*,*,*,*,*,No,*,*,*,*
*,28.6475,*,134.431,El_Nino,*,*,*,*,*,*
*,303.126,*,*,La_Nina,*,*,*,*,1.86763,*
*,*,154.101,*,*,*,*,No,*,*,*
*,*,56.5023,*,*,*,*,*,*,*,*
*,*,*,*,*,*,No,*,*,*,*
*,*,*,*,*,*,No,Yes,*,*,116.97
*,*,60.6581,*,Neutral,*,*,*,4.89413,*,*
*,*,*,*,Neutral,*,*,*,*,*,111.701
*,*,*,*,*,*,*,*,*,*,384.494
*,18.0955,*,*,*,*,*,*,*,*,*
0.0845499,*,*,*,*,*,*,*,*,*,*
*,*,*,*,Neutral,*,*,*,3.86923,*,*
*,168.525,*,*,*,Good,*,*,*,*,*
6.71014,*,*,*,*,*,*,No,*,*,*
*,23.9647,*,*,*,Good,*,*,*,*,367.293
*,*,*,*,*,*,*,*,*,*,*
*,*,*,*,*,*,*,*,*,*,*
*,*,45.5306,193.732,*,*,*,*,*,*,*
*,*,*,189.098,*,*,*,No,*,*,*
*,215.481,*,*,*,*,*,*,*,*,50.8107
*,98.4818,*,*,*,*,*,*,*,*,*
*,*,*,*,La_Nina,Good,*,*,2.97309,*,*
*,*,84.7097,*,*,Good,*,*,0.697562,*,*
*,*,*,*,*,*,*,*,*,*,*
*,*,*,*,*,*,*,Yes,*,*,14.0888
*,27.1054,8.75176,124.139,*,*,*,*,3.56957,*,156.227
7.29131,*,*,87.8142,*,Damaged,*,*,*,*,*
*,*,197.489,*,Neutral,*,*,*,*,1.49463,*
*,*,51.017,*,*,*,*,*,*,*,*
2.77828,*,*,*,La_Nina,*,Yes,*,4.4065,*,*
*,*,*,*,*,*,*,*,*,*,*
6.71983,*,*,102.376,Neutral,*,*,*,*,*,*
*,*,*,*,*,Good,*,*,*,*,*
*,*,5.44652,*,El_Nino,*,*,*,3.67528,1.73901,*
*,*,*,*,*,*,*,*,*,*,*
*,*,*,191.362,*,Good,No,*,*,*,91.7389
1.09112,*,*,*,El_Nino,*,No,No,*,*,*
1.90665,*,*,*,*,Good,*,*,*,*,*
*,*,*,*,*,*,*,*,*,*,*
*,*,*,*,Neutral,Damaged,*,*,*,*,*
*,*,*,*,*,*,*,*,4.59653,*,*
*,*,*,*,*,*,*,*,*,*,*
*,395.414,*,*,*,*,No,*,*,*,*
1.07234,*,*,*,*,Good,*,*,*,*,88.2476
*,*,146.383,*,*,*,*,*,*,*,*
*,*,9.82176,*,*,*,*,No,*,*,*
*,275.945,*,330.241,La_Nina,*,*,*,*,2.81629,*
*,*,*,*,*,*,Yes,No,*,*,*
*,*,*,153.292,*,*,*,*,*,*,*
9.84304,*,*,*,El_Nino,Damaged,*,No,4.18938,*,30.763
*,378.315,*,*,*,*,*,*,3.99818,*,*
*,*,*,15.3775,El_Nino,*,*,*,*,*,*
*,121.142,*,372.491,*,Good,No,*,2.42482,5.51755,*
*,*,*,*,*,*,*,*,*,6.34534,*
*,361.965,*,*,*,*,No,*,*,*,89.0072
*,247.21,*,*,*,*,*,*,2.33077,*,*
1.80375,*,*,*,*,*,*,No,*,*,*
*,*,*,270.757,*,*,No,*,*,*,*
*,*,*,44.7085,*,*,*,Yes,*,*,15.7762
*,*,*,*,*,*,*,*,*,*,*
*,*,*,109.252,Neutral,Damaged,Yes,No,*,*,*
*,42.9826,*,*,*,*,*,*,*,*,146.06
1.29745,*,*,*,El_Nino,Good,*,No,*,*,*
*,*,*,*,*,*,*,Yes,*,0.63946,*
*,*,*,134.434,*,Good,*,*,*,*,*
*,79.8008,*,122.884,*,*,No,Yes,*,*,*
*,*,*,*,*,*,*,*,2.8193,*,138.47
*,*,*,*,La_Nina,*,*,No,2.87965,*,*
*,44.8036,*,146.41,*,*,*,No,*,*,*
*,*,*,125.223,*,*,*,*,*,8.88865,100.598
*,*,*,85.1939,La_Nina,*,*,*,*,8.80349,*
0.70793,38.8397,28.2337,32.6631,*,Damaged,*,*,4.49111,*,*
5.79438,26.7281,37.3472,*,Neutral,*,*,No,*,*,*
8.72111,*,83.2376,*,*,*,*,*,*,*,*
0.677008,*,43.4815,*,Neutral,*,*,*,*,*,*
0.645044,49.1558,*,*,La_Nina,*,*,*,*,3.64361,*
*,*,*,*,*,*,*,*,*,*,*
*,*,*,*,*,*,*,*,4.96214,*,*
1.54472,*,196.91,*,*,*,*,*,*,0.552183,*
*,*,*,*,*,*,No,*,1.02859,*,37.025
*,*,*,*,Neutral,Good,*,*,*,*,*
*,*,*,*,*,*,*,*,*,*,*
*,*,*,66.4134,*,*,*,*,3.15207,*,*
8.93049,*,99.859,*,La_Nina,*,*,*,4.12226,0.104475,97.3324
*,*,*,*,*,*,*,No,*,*,*
*,*,*,*,*,*,*,*,*,0.979041,32.5092
*,315.981,*,*,*,*,*,*,*,*,*
3.66991,*,*,*,*,*,*,*,*,1.12546,*
*,*,*,*,*,*,Yes,*,*,*,*
*,*,*,178.907,*,*,*,No,*,*,*
*,*,*,140.745,*,*,No,*,*,*,50.4485
8.00486,*,*,*,La_Nina,*,*,*,*,*,*
5.07747,381.697,*,248.566,*,*,*,*,*,*,*
0.221687,*,61.6524,389.858,La_Nina,*,*,No,*,*,*
*,*,7.60542,*,*,*,*,*,0.505716,*,*
*,77.3726,30.5055,134.507,*,*,Yes,*,4.14622,*,*
*,*,*,91.932,*,*,*,*,*,*,*
*,*,*,*,*,*,*,No,4.31484,*,*
*,*,*,*,*,*,Yes,*,4.94777,*,*
*,*,94.9767,*,*,*,*,*,3.45635,*,*
*,250.826,*,*,*,*,No,Yes,*,2.42509,*
*,*,*,*,*,*,*,*,*,*,*
*,*,*,*,*,*,Yes,*,4.47693,*,*
*,*,*,*,*,*,*,*,*,*,*
4.29509,*,*,*,*,Good,*,No,*,*,*
1.25425,15.3731,*,*,El_Nino,*,*,*,*,*,31.1632
*,*,*,*,*,*,*,No,*,4.33443,*
*,*,188.489,*,*,*,*,*,*,0.0798945,36.7156
*,*,155.172,*,*,Good,*,*,*,*,*
*,*,*,*,*,*,*,*,3.952,1.16717,*
*,*,*,*,*,*,*,*,*,*,*
*,*,*,*,*,*,*,*,*,*,*
*,*,*,*,Neutral,*,*,*,*,*,*
*,*,*,*,Neutral,*,*,No,*,*,*
1.43527,*,*,*,*,*,*,*,*,9.46143,*
*,*,*,*,*,*,*,*,*,*,*
*,1.9512,36.5468,*,*,Damaged,*,*,4.30129,0.0272945,*
*,*,20.1827,*,*,Good,*,*,*,*,*
*,*,*,97.8142,*,*,Yes,*,*,*,*
0.0717926,*,*,*,*,*,*,*,*,*,*
0.490953,*,*,*,Neutral,*,*,*,*,*,394.806
*,*,55.119,*,Neutral,Good,*,*,*,*,*
*,*,143.798,155.668,Neutral,*,*,No,*,*,81.9322
*,*,0.624186,*,*,*,*,No,*,*,*
*,*,0.772474,*,*,Damaged,*,*,*,*,*
*,26.7655,*,*,Neutral,*,*,*,*,*,*
*,*,*,*,Neutral,*,*,*,*,*,332.075
*,*,*,93.8091,*,*,No,*,2.01994,*,*
*,*,104.529,134.612,Neutral,Good,Yes,*,3.32002,*,*
*,*,*,*,*,*,*,*,*,*,*
*,228.686,*,*,La_Nina,*,*,*,*,*,*
*,*,*,*,*,*,No,*,4.99622,*,26.9624
*,*,*,*,*,*,No,*,4.06385,*,*
*,*,90.1232,*,*,Good,*,*,3.78541,0.383793,*
*,*,*,*,*,Good,*,*,*,*,*
0.172728,*,*,*,*,*,No,*,*,*,*
*,*,*,*,*,*,Yes,*,*,*,*
0.272717,155.589,142.056,*,*,*,No,Yes,*,*,*
*,*,*,*,*,*,*,*,*,*,*
*,*,*,*,*,*,*,*,*,*,*
*,24.573,*,*,*,*,*,*,*,*,73.568
*,*,131.499,*,*,*,*,Yes,*,1.40077,*
8.29791,*,177.769,*,*,*,*,*,*,*,*
6.97971,*,15.2051,*,Neutral,*,*,*,*,*,*
*,*,70.9231,*,*,*,Yes,*,*,*,*
*,*,30.7133,*,*,Good,Yes,*,*,*,*
*,*,*,*,*,*,No,No,*,*,*
*,1.02675,*,*,Neutral,Good,Yes,*,4.42394,*,*
*,*,*,100.291,*,*,No,*,*,*,*
*,*,*,*,*,*,*,*,*,*,*
*,*,*,*,*,*,*,*,*,*,*
*,66.5603,*,*,*,*,*,*,*,*,44.0603
*,*,*,*,*,Damaged,*,*,4.70605,0.147938,*
*,*,*,*,*,*,*,*,*,0.575728,37.1861
*,*,*,*,*,*,No,*,*,*,61.1799
3.96168,*,*,*,*,*,Yes,*,*,*,*
*,*,*,*,*,*,*,Yes,*,*,*
*,*,*,*,Neutral,*,*,No,*,*,*
2.5822,*,*,*,*,*,*,*,*,*,*
*,*,*,*,*,Good,*,No,*,*,348.855
*,*,29.4478,*,*,Good,*,No,4.93796,*,*
*,*,*,*,*,*,*,*,*,*,*
*,*,*,*,*,Good,*,*,1.30412,0.376574,*
*,*,*,*,*,Damaged,*,*,3.10992,*,*
*,*,*,*,*,*,Yes,*,2.56295,*,*
*,*,*,*,*,*,*,No,*,0.515953,*
*,46.1785,*,*,*,*,No,*,*,*,*
9.9735,*,*,*,Neutral,*,*,*,*,*,*
*,*,*,*,*,*,*,*,*,*,16.9687
*,309.647,*,*,Neutral,*,*,*,*,*,*
*,*,*,*,*,Good,*,*,*,*,*
5.82677,*,*,56.7544,*,*,*,Yes,*,*,*
0.135031,*,188.488,*,*,*,*,*,1.41686,*,36.7612
*,0.308301,*,*,*,*,*,*,*,*,*
*,*,133.411,*,*,*,*,*,*,*,*
*,389.076,*,*,La_Nina,*,*,*,*,*,*
*,*,*,*,*,*,*,*,2.14496,*,62.1122
*,29.2684,*,*,*,*,*,No,*,*,*
*,*,*,*,*,Damaged,*,*,*,*,*
*,56.9168,*,*,Neutral,*,*,*,3.80303,*,*
*,*,*,*,*,Good,*,*,*,*,*
*,*,*,*,Neutral,Damaged,No,No,*,*,*
*,*,25.5434,*,*,*,*,No,*,9.40528,*
*,*,*,*,*,*,*,No,2.15923,*,*
*,*,76.7715,*,*,Good,*,*,*,*,0.790884
*,*,*,*,*,Good,*,*,*,*,*
*,40.0547,5.25932,*,El_Nino,*,*,*,2.81318,*,*
*,*,3.45936,*,*,*,No,*,*,1.88392,*
*,*,15.4968,165.416,Neutral,*,*,No,*,*,*
3.45973,*,78.7364,*,*,*,Yes,*,*,*,3.06153
4.71327,81.8449,39.1109,65.7317,*,*,*,No,*,*,170.801
*,*,*,*,La_Nina,*,*,*,*,1.13488,*
*,*,*,*,*,*,*,*,*,*,*
0.278424,*,*,*,*,Damaged,*,*,*,*,78.2401
*,1.26092,44.1029,90.4735,*,*,*,*,1.96902,*,*
*,*,*,*,*,*,*,No,*,*,*
*,40.3019,*,*,*,*,*,*,*,*,*
*,70.5843,*,*,Neutral,Damaged,No,*,3.92328,*,*
*,31.5097,*,*,*,*,Yes,*,2.70898,*,*
*,*,*,55.196,*,*,*,*,*,0.323719,*
*,*,*,154.087,*,*,*,No,*,*,*
*,*,*,*,El_Nino,*,*,*,*,*,*
*,*,*,*,*,*,*,*,*,7.48958,121.635
*,*,*,*,*,Damaged,No,Yes,*,*,*
1.88863,*,*,*,*,*,*,*,*,*,*
*,*,*,*,*,*,*,*,*,3.18081,194.613
*,*,*,*,*,*,*,*,*,7.88259,*
6.58982,*,*,*,*,*,Yes,No,4.12403,*,285.235
*,*,*,*,*,*,*,*,*,*,*
*,*,*,*,*,*,*,*,*,*,*
*,*,*,*,*,*,*,*,*,*,*
*,166.664,75.92,*,*,Good,*,No,*,*,*
*,*,*,*,*,*,Yes,*,*,*,*
*,*,*,*,*,*,*,*,4.648,*,*
*,115.355,*,*,*,*,No,*,*,*,*
5.90995,*,*,*,Neutral,Dead,No,*,*,0.812473,74.0685
*,*,*,77.0074,*,*,*,*,3.16322,1.65425,*
*,*,81.8503,157.04,*,*,Yes,*,*,*,221.07
*,77.7385,*,*,*,*,No,*,1.78458,*,*
*,*,*,*,*,*,*,No,*,*,92.075
*,*,38.2135,*,*,Good,Yes,*,*,*,*
*,*,*,*,*,*,Yes,*,*,*,*
*,*,*,34.2597,*,*,*,No,*,1.76669,*
*,*,*,*,*,Good,*,*,*,1.61309,*
1.56874,*,*,*,*,*,Yes,*,*,1.28892,*
*,136.654,*,*,*,*,No,*,4.41943,*,*
*,*,69.4578,*,*,Damaged,*,*,*,*,*
*,*,*,*,Neutral,Dead,*,*,*,0.942984,53.2878
*,*,*,*,*,*,*,Yes,*,*,39.6967
7.15588,*,*,*,*,Good,*,No,*,6.07782,*
0.730037,24.055,*,*,*,*,*,No,3.42868,*,*
*,*,*,*,Neutral,Good,*,*,*,*,*
0.556351,*,*,*,El_Nino,*,*,*,3.30084,*,25.4821
*,*,26.7658,*,*,*,*,*,*,*,*
*,*,*,*,*,*,Yes,*,4.70463,*,*
5.77805,*,*,*,*,*,No,No,*,*,*
*,*,*,155.002,Neutral,*,*,No,*,*,338.491
*,*,*,*,Neutral,*,*,*,*,0.129866,*
*,74.7694,48.1595,*,La_Nina,*,Yes,*,*,*,31.4292
*,*,*,*,*,*,No,*,*,*,*
6.63808,14.4518,*,*,*,*,*,*,*,*,*
*,*,*,*,Neutral,Damaged,No,*,*,0.917537,*
*,*,23.593,*,*,*,*,*,*,*,111.384
*,211.066,*,*,*,*,*,*,*,*,90.8894
*,276.01,*,*,*,*,*,*,*,*,363.022
*,*,*,*,*,*,*,Yes,*,*,*
*,*,63.283,*,Neutral,Good,*,*,*,*,49.0642
*,*,*,*,Neutral,*,No,*,*,*,48.3629
8.72168,*,*,*,*,*,Yes,No,*,*,*
*,*,*,*,*,*,*,*,*,*,*
*,*,138.479,160.95,*,Good,*,*,*,*,*
*,391.137,*,*,*,*,*,*,*,*,*
*,*,*,239.708,*,*,No,*,*,*,*
*,*,192.436,*,*,*,No,Yes,*,*,*
*,*,*,*,*,*,*,Yes,*,5.18475,*
9.53283,*,*,*,Neutral,*,*,No,*,*,*
*,*,*,*,Neutral,*,*,*,*,*,*
*,*,9.62254,*,Neutral,*,*,*,*,*,*
*,*,*,*,*,*,*,No,*,*,*
0.559118,*,*,*,*,*,*,*,2.44286,*,*
*,57.7987,*,*,*,Good,*,*,*,*,71.8997
0.92907,380.655,*,74.3241,*,Good,Yes,*,*,*,*
2.40405,*,*,98.4466,*,Good,Yes,*,*,*,*
*,*,199.131,*,*,Damaged,*,No,0.486731,*,*
*,30.0927,*,*,*,Damaged,*,Yes,2.99326,*,*
*,*,25.7284,*,El_Nino,*,Yes,*,4.59136,*,*
0.124354,*,*,*,*,Damaged,No,*,*,*,*
*,*,29.7654,*,*,Good,*,*,2.40775,*,*
*,*,*,*,*,*,*,*,*,*,*
*,*,*,155.22,Neutral,*,*,*,*,*,352.17
*,*,*,*,Neutral,*,*,*,*,*,*
6.38967,*,*,181.103,*,Damaged,*,*,*,0.20144,88.6248
*,11.1754,*,90.6246,*,*,*,*,*,*,378.156
*,171.903,*,*,*,*,*,*,*,*,*
*,*,*,*,*,*,*,*,*,*,130.142
*,*,*,*,*,*,*,*,*,*,*
*,*,64.7663,136.573,*,*,*,No,*,*,*
7.02248,*,*,*,Neutral,*,*,*,*,*,*
9.73342,*,*,*,*,*,*,No,*,*,*
5.99267,*,*,*,Neutral,*,No,Yes,*,1.68465,96.2272
*,*,54.2018,*,*,*,*,*,*,*,*
4.22919,*,*,*,*,*,*,Yes,*,*,*
*,*,*,214.478,*,*,No,Yes,*,*,*
*,197.662,125.027,*,*,Damaged,*,*,*,*,197.944
*,*,*,*,*,*,*,*,*,*,*
1.88834,*,*,150.848,*,Good,Yes,No,*,*,*
*,1.17733,*,156.712,*,*,*,*,*,*,6.36246
*,241.09,*,87.3734,*,*,No,No,*,*,*
*,74.6043,*,*,*,*,Yes,*,*,*,*
*,*,*,92.1571,*,*,*,*,*,*,*
*,*,*,*,*,*,*,*,*,*,*
*,*,85.729,*,La_Nina,*,No,*,*,7.69796,183.541
*,*,*,103.83,Neutral,Good,*,*,3.40795,*,*
6.84947,*,*,*,*,*,*,No,2.71295,*,120.757
8.96408,*,*,*,*,Good,*,*,2.88707,*,38.9312
*,68.9291,*,*,*,*,*,*,2.2119,*,*
*,*,*,*,*,Dead,*,*,*,*,*
*,*,113.245,75.2684,Neutral,*,*,*,*,*,*
*,*,*,*,*,*,*,*,*,7.27986,*
*,*,11.5289,*,*,Good,No,*,*,*,*
*,*,*,*,*,Damaged,No,Yes,*,*,50.4617
*,156.849,*,*,*,*,*,*,*,*,*
*,*,*,*,*,*,*,*,*,*,265.359
2.71102,*,*,*,*,*,*,*,*,7.30699,*
4.51278,*,*,*,*,*,*,*,2.7712,*,9.20864
*,*,*,*,*,Good,*,No,*,*,*
*,*,*,*,*,*,*,*,*,*,*
7.00371,*,*,*,*,*,*,No,*,*,*
*,*,*,*,El_Nino,Good,*,*,*,*,5.5499
*,50.7421,*,*,*,*,Yes,No,*,*,*
*,*,*,*,*,*,*,*,*,*,*
*,*,*,*,*,Good,*,*,*,*,*
*,295.318,*,*,La_Nina,Good,No,*,*,9.78653,*
*,322.002,136.914,*,*,*,*,*,1.02574,*,230.462
7.04363,370.443,*,*,*,*,*,*,*,0.804489,*
5.0519,*,*,128.195,Neutral,*,*,*,*,*,*
*,24.0515,*,102.151,*,*,*,*,*,*,*
*,*,3.34864,*,*,Damaged,*,*,*,*,39.2016
*,*,*,*,*,*,*,*,*,0.695014,3.29757
*,80.4766,*,200.633,*,*,No,*,*,*,70.8076
*,317.99,*,*,Neutral,*,*,*,*,*,*
*,*,95.0248,*,*,Good,*,*,*,7.09176,33.983
1.74876,*,120.318,*,Neutral,*,*,*,*,*,*
*,*,23.7551,*,*,Good,*,No,*,*,*
*,130.244,64.2137,181.402,*,*,*,Yes,*,*,*
*,*,*,*,*,*,*,*,*,*,*
9.62503,*,*,*,*,*,Yes,*,*,7.22548,*
*,*,*,107.815,*,*,*,*,*,*,*
*,*,*,*,*,Good,*,*,*,*,*
*,*,*,*,*,*,No,No,*,9.50947,*
*,*,*,*,*,*,Yes,*,*,0.153864,*
*,*,63.7596,46.8018,*,*,*,*,*,*,*
*,*,*,*,*,*,*,No,*,*,*
*,*,*,*,*,*,*,No,*,*,*
*,*,*,*,Neutral,*,Yes,*,3.28268,*,*
1.96541,*,*,*,*,*,*,*,*,*,*
*,*,*,*,Neutral,*,*,*,*,*,*
*,*,*,54.0903,*,*,*,*,*,*,*
5.91579,*,27.7991,177.134,*,Good,*,*,*,*,*
*,*,54.4125,*,*,*,*,*,*,*,*
*,*,*,*,*,*,*,*,*,*,286.804
4.60419,265.322,*,168.107,*,*,*,*,2.28904,*,*
*,*,*,*,*,*,*,No,*,*,*
*,*,*,*,*,*,Yes,*,*,*,*
*,*,98.5561,*,Neutral,*,*,No,3.13445,*,*
1.5417,*,*,187.073,*,*,Yes,*,2.57935,*,*
1.77419,*,*,*,*,*,*,*,*,*,249.302
0.812566,17.7564,*,*,Neutral,*,*,Yes,*,*,*
*,399.563,*,*,*,*,*,*,*,*,*
4.91894,*,*,*,*,*,*,*,3.25016,*,367.732
*,*,*,112.718,Neutral,*,*,*,3.17774,*,*
*,*,*,153.806,*,*,*,*,*,*,*
*,*,38.3121,*,*,*,Yes,*,*,*,*
*,*,*,226.254,*,*,*,*,*,*,*
2.85714,*,*,126.738,*,*,*,No,*,*,*
*,*,*,170.467,*,*,*,*,*,*,*
*,334.914,*,128.568,*,*,No,No,*,1.92718,*
*,*,*,*,*,*,*,No,*,*,*
*,*,*,*,*,Good,*,*,*,*,*
*,*,*,*,Neutral,*,*,*,2.62638,1.38827,*
0.180681,*,*,99.0872,*,*,*,*,*,*,*
*,*,*,*,*,*,*,*,*,*,*
*,*,*,*,Neutral,*,*,*,2.1159,0.930858,5.89269
3.97849,24.5358,*,*,*,*,*,*,*,*,*
*,308.808,*,*,La_Nina,*,*,*,*,*,*
7.17065,*,*,*,*,*,Yes,No,*,7.95916,*
*,*,11.4941,266.747,La_Nina,*,*,No,*,*,*
*,*,*,249.707,*,*,*,*,*,4.82726,*
*,*,*,*,*,*,No,*,*,*,69.0583
*,*,*,*,*,*,*,*,*,*,*
1.43314,185.116,*,*,*,*,*,*,*,*,152.302
*,*,*,138.272,*,*,*,*,*,*,*
0.904404,*,*,*,*,*,*,*,*,*,*
*,*,*,*,*,*,*,*,*,*,44.9479
*,*,*,*,*,*,*,*,4.21654,*,58.7563
*,*,*,*,*,*,No,No,*,*,*
*,*,71.8672,*,Neutral,*,Yes,*,*,0.6085,*
*,*,152.093,367.772,La_Nina,*,*,Yes,*,*,64.5268
*,340.214,*,*,*,Good,*,*,*,*,*
*,*,*,*,*,*,No,*,*,*,*
*,*,28.5187,*,*,*,*,*,*,*,267.907
*,*,*,*,*,*,*,*,*,*,*
*,*,*,*,*,*,*,*,2.41193,0.950318,*
*,*,134.653,123.395,*,*,Yes,*,2.30139,*,*
4.9735,*,*,*,*,*,*,No,*,*,*
*,*,*,*,*,Damaged,*,*,1.81618,*,*
0.158705,94.8725,*,*,El_Nino,*,Yes,No,*,*,*
*,30.2731,*,*,*,*,*,Yes,*,0.63277,*
*,*,*,*,*,*,*,*,*,*,11.4902
1.43571,28.8385,*,*,*,*,*,*,*,*,*
*,290.255,*,*,*,*,*,*,*,4.03484,*
*,*,*,44.6042,*,*,Yes,*,*,*,*
*,*,*,*,*,*,*,*,*,*,*
*,69.5952,22.1723,159.98,*,*,Yes,*,*,*,18.7661
*,29.1787,*,*,*,*,*,*,*,7.36775,*
1.57457,*,*,*,*,*,No,Yes,*,*,*
*,*,15.7337,*,*,Good,*,*,*,*,*
6.91962,*,*,*,Neutral,*,*,*,*,1.55783,*
*,*,*,*,*,*,*,*,*,*,*
*,*,*,*,Neutral,*,*,No,*,*,248.606
*,206.045,*,*,Neutral,*,*,No,*,1.90421,79.5924
*,*,*,*,*,Damaged,*,*,*,1.35489,68.6646
*,335.273,*,*,*,Good,*,*,*,*,71.1929
4.29445,*,48.832,*,*,*,Yes,*,3.16727,*,280.962
*,*,*,*,*,Damaged,*,*,*,*,*
8.00014,319.307,23.1264,*,*,Good,*,No,*,*,*
5.20098,*,98.8691,*,*,*,*,*,*,*,*
*,*,*,*,*,*,*,*,*,*,277.93
4.70823,*,*,*,*,*,*,*,*,4.9094,*
*,*,*,106.19,*,Damaged,*,*,*,*,*
*,*,2.25609,*,Neutral,*,*,*,*,*,*
*,31.8778,36.8236,*,*,*,Yes,*,3.16009,*,*
*,*,*,119.103,*,Good,*,No,*,*,341.093
*,*,*,*,*,Damaged,*,*,3.74929,*,*
*,296.93,*,281.979,*,*,*,*,2.09298,*,*
*,34.3846,*,*,*,Good,*,*,*,*,80.3665
*,24.9269,*,*,*,*,*,*,*,*,*
*,128.639,*,*,*,*,No,*,*,*,*
*,*,38.1868,*,*,*,*,Yes,*,*,*
*,*,*,*,*,*,*,*,*,*,*
6.10057,27.6104,*,259.052,La_Nina,*,Yes,*,4.30672,*,*
*,*,*,*,*,*,*,No,*,1.28094,*
*,33.5786,*,*,*,*,*,*,*,0.155253,*
*,*,*,*,El_Nino,*,*,*,4.52056,*,*
*,*,30.4588,59.3761,*,*,*,No,3.28035,8.51761,106.3
0.738094,*,*,*,*,*,No,No,*,*,*
*,*,64.4719,*,El_Nino,*,*,*,3.69025,*,*
*,*,*,*,*,*,*,*,*,1.64064,*
*,282.545,105.028,*,*,Good,*,*,*,*,*
*,*,2.06176,*,*,*,*,Yes,0.464562,1.05723,*
1.58231,77.223,3.38094,*,Neutral,*,*,Yes,4.10095,*,*
*,*,*,49.5839,*,*,*,*,*,1.37731,*
3.17213,*,*,*,*,*,*,*,*,*,*
1.99586,44.0156,*,81.4963,*,*,Yes,*,*,*,*
*,*,*,*,*,*,*,*,*,0.694474,*
3.37283,326.84,33.7648,129.116,*,*,No,*,*,1.1667,*
*,*,*,*,*,*,*,*,*,*,3.26149
*,*,*,*,*,*,*,*,*,*,*
*,*,*,*,*,*,*,*,*,3.69947,*
*,383.735,*,*,Neutral,*,*,*,*,*,48.369
*,*,*,*,*,*,*,No,*,4.38704,*
*,76.2809,*,*,*,*,*,*,*,1.84588,67.0668
*,*,134.378,*,Neutral,Good,*,*,4.84634,*,*
*,3.89746,*,*,*,Damaged,*,*,*,*,395.577
*,*,*,*,El_Nino,*,*,*,*,*,*
*,*,*,145.576,*,Good,Yes,*,*,1.84859,*
*,*,137.195,233.973,*,*,*,No,1.93763,*,100.275
0.00468882,*,*,*,*,*,*,No,*,6.96334,*
*,*,*,200.876,*,*,*,No,2.76323,*,*
2.78477,*,*,*,*,*,*,No,*,*,260.503
1.00541,*,*,*,*,*,*,*,3.12667,*,*
*,*,4.38588,*,Neutral,*,*,*,4.1242,3.34027,*
6.72154,*,*,*,*,*,*,No,*,*,164.364
5.22461,*,37.0202,259.348,La_Nina,*,*,Yes,*,*,74.9674
*,89.8984,*,*,*,Good,*,*,*,*,*
1.43203,*,25.2166,*,Neutral,*,No,*,0.205605,*,*
*,333.912,*,*,*,*,No,*,*,0.504438,*
*,*,*,*,*,*,*,Yes,3.0775,*,*
*,*,*,164.525,*,*,*,*,*,*,*
*,*,*,197.569,*,*,Yes,*,*,*,*
*,*,1.88703,*,*,*,*,*,*,*,*
*,*,72.5359,*,Neutral,*,No,*,*,1.25117,*
*,98.808,38.3719,2.66767,*,*,*,*,*,*,*
*,*,*,*,*,*,*,*,2.00236,*,*
*,*,*,100.317,*,*,*,*,*,*,*
*,*,*,*,*,Good,*,No,*,7.81491,*
0.868286,*,*,*,*,Good,Yes,*,2.37651,*,*
0.95629,307.186,159.759,*,*,*,Yes,*,*,*,*
*,*,*,*,*,Good,*,*,2.95443,*,87.6841
2.24232,*,90.3871,*,*,Good,No,No,3.54462,0.386148,*
*,*,*,*,El_Nino,*,*,*,*,*,*
*,*,*,133.916,*,*,*,No,*,*,*
*,*,*,173.218,*,*,No,*,*,*,*
*,4.84734,*,*,*,*,*,*,*,*,*
0.259702,*,*,*,*,*,*,*,*,0.0188777,*
*,*,*,*,Neutral,*,*,Yes,*,1.71008,*
8.42343,0.0772727,*,*,*,*,*,*,*,*,32.1949
*,140.168,22.9292,*,*,*,No,No,*,*,390.523
*,*,*,73.5481,Neutral,Good,*,*,*,*,53.0318
*,*,*,*,*,*,*,*,*,*,*
*,*,*,*,*,*,No,*,2.73653,*,*
*,*,*,374.016,*,Good,*,*,4.99449,*,*
4.15134,*,78.7557,*,La_Nina,*,*,*,4.59679,*,*
*,*,47.8199,52.161,*,*,Yes,*,*,*,*
*,*,183.621,*,*,*,*,No,*,*,*
*,*,*,*,Neutral,*,*,*,*,7.64855,*
0.0524891,*,1.30612,26.5285,El_Nino,*,*,*,3.38174,*,*
*,*,*,*,*,*,*,*,3.50192,*,85.9402
*,*,*,*,Neutral,*,*,*,3.02015,3.98258,373.263
*,59.8825,*,*,*,Good,*,Yes,*,*,*
*,*,*,*,*,*,*,*,3.97257,*,*
*,72.6453,*,*,*,Damaged,No,*,*,1.36178,*
*,*,*,*,*,*,*,*,*,9.39506,*
*,*,*,*,La_Nina,*,*,*,*,*,*
*,33.7989,*,*,*,*,*,*,*,*,*
*,*,*,*,*,*,*,*,*,*,*
5.45828,323.716,57.0944,136.232,*,Good,No,*,*,*,*
*,*,*,*,*,Damaged,*,*,*,*,*
*,214.949,*,231.967,*,*,*,*,*,*,*
*,328.343,*,*,*,Good,No,*,*,*,*
*,*,*,*,El_Nino,*,*,*,*,*,38.4284
*,*,*,*,*,Damaged,*,*,*,*,*
*,*,*,*,*,*,*,No,*,7.95815,*
*,*,86.1806,254.849,*,Good,*,*,*,3.53692,*
0.239863,*,*,93.2507,*,*,Yes,*,*,8.37241,*
1.33387,*,*,*,Neutral,*,*,*,*,*,*
*,72.0897,*,*,*,*,Yes,*,*,5.95872,*
*,155.357,*,347.018,La_Nina,*,*,*,2.11696,*,*
0.909798,*,*,68.4857,*,*,No,No,*,*,*
*,64.5274,*,*,Neutral,*,*,*,3.2192,*,358.075
*,72.9594,*,179.98,*,*,*,*,*,*,*
4.1815,68.9885,*,*,*,Good,*,*,*,1.85886,*
1.55556,*,*,*,*,*,*,*,*,*,*
*,40.0185,23.8946,*,*,*,*,*,*,*,*
*,*,*,*,El_Nino,*,Yes,*,*,*,*
*,*,65.0133,*,*,*,*,*,*,0.804543,79.9915
*,*,*,*,*,*,*,*,*,*,*
*,*,*,*,Neutral,*,*,*,*,*,*
*,50.1757,*,150.238,*,*,*,Yes,*,*,66.1052
*,*,*,*,*,*,*,*,*,*,*
*,49.2291,*,146.74,*,*,No,*,*,*,392.096
*,*,*,*,*,*,*,*,*,*,157.022
*,*,*,*,*,*,*,*,*,*,*
*,*,*,*,*,*,*,*,*,*,*
*,62.5285,*,82.2708,*,Damaged,*,*,*,*,399.963
*,*,*,110.478,*,*,Yes,*,*,*,34.1374
0.680663,*,*,*,*,*,*,*,*,*,*
*,*,*,*,*,Good,*,*,*,1.56659,*
*,*,*,*,*,*,*,*,3.21341,1.05861,*
0.123224,*,*,106.385,*,*,*,*,*,*,*
*,*,29.5497,*,*,*,*,*,*,*,*
0.409792,*,*,*,*,*,*,*,*,*,*
*,*,12.748,*,*,*,*,*,*,*,*
*,247.032,72.1163,*,*,*,*,*,*,*,*
*,*,*,*,*,Dead,No,Yes,*,*,63.3318
*,*,*,*,La_Nina,Good,*,*,*,*,*
*,*,132.029,*,Neutral,Damaged,*,*,*,*,*
*,*,28.9983,*,*,*,Yes,*,*,*,*
*,*,*,51.8606,*,*,*,*,*,*,*
*,*,*,*,*,*,*,*,0.390591,*,*
*,*,*,99.5305,*,*,Yes,*,*,*,281.322
0.476632,*,*,*,El_Nino,*,*,*,*,*,38.9954
8.63109,*,*,*,*,Damaged,*,*,*,*,16.3945
*,*,*,*,*,*,*,*,*,*,175.098
*,*,17.0935,*,*,*,Yes,*,*,*,*
*,148.132,*,*,*,*,*,*,4.03415,*,21.399
*,*,*,*,*,*,*,*,4.0079,*,*
*,*,*,*,El_Nino,Damaged,*,*,2.29117,1.69138,*
*,*,*,*,*,*,Yes,*,*,*,*
*,*,56.7586,*,*,*,*,*,2.74255,*,*
0.885452,*,*,*,La_Nina,*,*,No,3.63214,*,*
*,*,*,90.0505,*,*,*,*,*,5.09311,*
*,*,*,68.5053,*,*,*,No,*,*,*
1.88247,13.8766,*,23.978,*,*,*,*,*,*,*
*,*,*,*,La_Nina,*,*,*,*,6.99348,187.445
*,*,*,*,Neutral,Damaged,*,No,*,*,*
*,*,*,*,*,*,Yes,*,*,*,*
*,*,*,*,*,*,*,*,4.85908,0.947184,*
*,70.0797,*,*,*,*,*,No,3.85687,*,*
0.780062,*,*,*,*,*,*,*,*,*,98.04
*,*,*,*,*,*,*,Yes,*,0.598367,*
*,*,50.5422,*,*,*,No,*,*,*,*
*,*,*,*,*,Good,*,No,2.069,*,*
*,196.984,*,283.393,La_Nina,Good,*,*,*,2.59271,*
*,*,*,*,Neutral,*,*,No,*,*,203.68
*,*,41.9027,107.829,*,*,*,No,*,*,215.167
1.10487,*,*,133.598,*,Good,No,Yes,*,*,*
*,*,90.3964,*,*,*,*,No,*,*,*
8.34729,*,*,*,*,*,*,No,*,*,*
9.07768,398.582,*,*,La_Nina,*,*,No,*,2.30837,*
*,*,*,107.275,Neutral,*,*,*,*,*,*
*,*,19.1487,118.771,*,Damaged,*,*,*,*,*
*,139.718,*,228.605,*,*,*,*,*,*,*
*,364.962,*,*,*,Good,*,*,*,*,*
*,*,*,*,*,*,*,No,*,0.98258,*
5.91505,*,*,*,*,*,*,*,3.17405,*,*
*,*,*,*,Neutral,*,*,*,*,*,*
4.11872,*,*,78.124,*,*,*,*,*,*,*
*,*,*,*,*,*,No,No,3.66396,*,*
1.72171,*,*,*,*,*,*,*,0.239367,*,*
*,92.7779,*,211.689,*,*,*,*,*,*,*
*,1.05749,*,*,Neutral,Dead,No,*,*,*,64.7515
*,182.124,*,*,*,*,*,*,4.21531,5.16078,*
5.62022,*,*,293.26,*,*,*,Yes,*,1.4815,53.3485
*,212.713,*,*,*,*,No,*,*,*,*
*,*,*,81.8605,*,Damaged,*,*,*,*,*
*,*,*,6.35809,*,*,*,No,*,*,257.239
0.771927,*,*,*,*,*,*,No,2.17778,0.528512,*
4.03689,*,*,*,*,Good,No,*,*,*,0.839881
*,*,70.3208,*,*,Damaged,No,*,*,*,*
*,*,*,366.955,La_Nina,Good,Yes,*,3.82799,5.74295,*
8.35816,158.59,25.5348,*,*,*,*,*,3.23713,*,117.033
*,265.859,*,*,*,*,*,*,*,*,*
*,*,*,160.744,Neutral,*,*,*,*,*,*
*,*,*,*,*,*,*,*,*,*,*
*,*,*,*,*,*,*,No,*,*,*
*,*,*,*,*,*,Yes,*,*,1.92633,*
*,*,*,*,*,*,*,No,*,*,*
1.55167,*,*,*,*,*,*,*,0.469936,*,324.593
*,*,*,*,*,*,No,Yes,*,1.64456,*
1.98526,*,*,*,Neutral,*,*,*,*,*,*
*,*,*,*,El_Nino,*,*,*,*,*,98.8963
*,*,32.7133,*,*,*,*,*,*,*,*
*,*,*,*,*,*,*,*,*,1.29453,51.6206
*,396.736,*,*,Neutral,*,*,*,*,*,99.8587
*,*,68.7473,102.923,*,*,*,No,*,*,*
*,*,*,*,El_Nino,*,*,*,*,*,*
*,*,*,*,*,*,*,No,*,*,*
*,*,*,*,*,*,No,*,0.0895449,*,*
*,*,*,*,*,*,*,*,*,*,*
9.15753,*,*,*,*,*,*,*,*,0.404944,*
*,*,*,50.1168,El_Nino,*,*,*,*,*,47.7946
*,*,*,*,Neutral,*,No,No,*,*,13.1177
*,380.662,*,179.281,*,*,No,*,4.40916,*,*
*,*,141.271,*,Neutral,*,*,*,*,*,*
*,*,86.81,94.7263,Neutral,Good,*,*,*,*,*
*,167.895,75.2709,*,Neutral,*,*,No,*,*,*
*,*,*,*,*,*,*,No,*,*,*
*,18.8314,92.433,*,*,*,*,*,4.09026,*,*
*,186.633,121.825,*,La_Nina,Good,*,*,2.76218,*,*
*,*,*,22.949,*,*,*,*,4.70292,*,*
*,*,*,*,*,*,*,Yes,*,*,*
*,*,*,*,*,*,*,*,*,*,48.5745
*,45.9681,*,*,*,*,*,*,*,*,*
*,10.4337,*,*,Neutral,*,*,*,1.02735,*,392.046
*,10.2051,39.1799,*,*,*,*,*,*,*,*
*,*,*,162.702,*,*,*,*,*,1.01184,48.503
*,*,*,*,Neutral,Good,*,*,*,*,*
*,*,*,*,*,*,No,*,*,*,*
*,*,*,*,Neutral,*,*,*,2.89744,*,*
*,*,*,*,Neutral,*,*,*,*,*,*
*,*,*,*,El_Nino,*,*,*,*,*,*
*,*,*,*,*,*,*,*,*,*,*
0.794569,*,*,50.9224,*,*,*,*,*,*,*
6.08133,*,*,*,*,Good,*,*,*,*,*
*,*,*,146.199,*,Good,No,*,4.74398,*,*
*,*,*,*,El_Nino,*,Yes,No,*,*,*
*,215.428,*,94.0996,*,*,*,*,*,*,*
*,*,*,*,Neutral,*,*,*,*,*,*
*,*,*,*,*,*,*,*,*,*,*
*,1.46652,*,*,La_Nina,*,*,*,*,3.02085,*
*,*,*,*,*,*,*,*,*,*,*
9.36532,83.5823,*,*,*,*,*,*,2.08967,*,*
*,*,*,*,*,*,*,*,*,*,*
6.40865,*,*,*,*,*,Yes,*,*,0.29344,40.913
*,127.396,97.2738,*,*,Good,*,*,*,*,*
*,259.792,*,*,*,*,Yes,*,4.8191,*,*
0.847294,*,*,*,*,*,No,*,*,*,224.125
*,274.191,*,*,*,Good,*,*,*,*,*
*,*,58.9274,*,*,*,No,*,0.571748,*,209.079
*,*,*,*,El_Nino,*,*,*,*,6.10764,*
*,*,42.6531,8.78505,El_Nino,*,Yes,No,*,*,*
*,*,*,*,*,*,*,No,*,*,392.905
*,*,*,*,*,*,*,*,*,*,*
*,*,*,*,*,*,*,*,*,*,77.0868
*,*,*,*,*,*,*,*,*,*,*
*,59.4849,*,81.6091,*,*,*,*,*,7.31566,169.973
*,*,47.9135,68.1664,*,*,*,*,3.6231,*,74.4521
0.489561,*,65.4617,87.6973,*,*,*,No,*,*,*
*,*,*,*,*,*,*,*,*,*,1.86159
*,*,*,*,*,Damaged,*,*,*,*,*
*,*,114.93,174.458,El_Nino,*,*,*,*,*,72.091
*,*,*,103.899,*,*,*,No,*,*,*
*,*,*,*,*,*,*,*,*,*,*
*,*,*,81.5379,Neutral,*,*,*,*,*,*
*,*,87.5963,*,*,*,*,*,*,*,*
1.6537,40.7402,*,*,*,*,*,*,*,*,*
*,*,*,*,*,*,*,*,3.17467,6.79069,329.934
*,*,*,*,Neutral,Good,*,*,3.76296,*,*
*,*,*,182.65,*,Good,*,*,*,4.00738,*
*,*,*,217.35,*,*,*,*,*,*,*
*,*,11.6501,*,Neutral,*,*,*,4.49683,0.474291,*
4.53914,*,*,*,*,*,No,*,3.18293,0.505569,*
*,*,*,*,*,*,*,*,*,*,*
*,*,*,*,La_Nina,*,No,*,*,*,*
*,*,*,88.1607,*,*,*,*,*,2.22647,*
*,*,159.05,*,*,*,*,*,*,0.596167,72.2287
*,*,*,*,*,Good,*,*,*,*,*
*,*,*,*,El_Nino,*,*,*,*,*,*
*,*,59.4646,*,*,*,*,No,*,*,*
0.173477,*,*,*,El_Nino,*,*,*,2.65431,*,*
*,*,*,171.013,Neutral,*,*,*,*,*,*
*,*,*,*,*,*,*,*,*,*,88.3844
*,*,2.94843,*,*,*,*,No,*,*,*
*,*,17.6834,*,*,*,*,*,*,*,*
*,90.2085,*,*,*,*,*,*,3.49324,*,*
*,278.732,171.912,*,*,*,*,*,*,*,*
*,*,*,110.253,Neutral,Damaged,*,*,4.60118,*,*
*,*,*,*,*,Good,*,No,*,*,*
6.7379,*,*,*,*,*,*,Yes,*,*,*
*,*,*,*,*,*,Yes,*,*,*,*
*,303.046,*,*,*,*,No,No,4.6606,*,*
*,*,*,87.3142,*,*,*,*,*,*,184.364
*,*,82.0559,*,*,*,No,*,3.08633,*,*
*,*,*,*,*,*,*,*,*,*,*
*,*,*,*,*,*,No,*,*,*,*
*,*,30.3769,*,*,*,*,*,*,*,46.6112
0.162621,*,10.5954,3.38411,*,Good,Yes,*,*,*,*
*,319.776,*,*,*,*,No,*,*,*,*
*,*,*,*,*,Damaged,No,*,*,*,*
*,*,*,*,El_Nino,*,*,*,*,*,48.5083
*,135.503,*,*,*,*,Yes,*,*,*,*
*,*,93.2872,*,*,*,Yes,*,*,0.0405215,*
*,*,*,*,*,Good,No,*,*,*,68.7311
0.769518,*,*,*,*,Good,*,*,*,*,*
*,197.919,*,*,*,*,No,*,*,*,*
4.50655,*,*,*,*,*,*,*,4.79126,*,*
*,*,23.558,*,*,*,*,*,*,*,*
*,*,*,*,*,*,No,Yes,2.83869,6.96895,154.612
*,*,*,*,*,*,*,*,*,*,155.399
*,*,*,*,*,*,*,Yes,*,*,*
*,93.467,7.40826,*,*,*,*,*,3.37078,0.655873,15.2993
7.11731,*,*,*,El_Nino,*,*,*,*,1.46548,*
*,*,*,*,*,*,*,*,*,0.426664,*
1.78805,*,38.7147,*,*,*,*,No,0.779178,*,6.63091
*,*,*,273.097,La_Nina,Good,*,*,*,*,*
*,*,*,*,*,*,No,*,*,*,12.474
*,*,*,*,Neutral,*,*,Yes,*,*,*
*,*,37.6734,*,*,*,*,*,*,*,*
*,*,7.76491,179.531,*,*,Yes,*,*,0.778315,*
*,*,39.596,*,*,Good,*,*,*,0.926741,12.4326
*,*,*,*,*,*,*,*,*,0.28501,*
*,*,*,27.4154,*,*,*,*,3.05628,*,*
*,*,*,*,*,Damaged,No,*,*,*,*
*,*,*,*,*,*,*,*,*,*,98.0872
4.12891,*,*,*,*,*,*,*,2.26166,*,*
*,*,*,*,*,*,*,*,2.25848,*,*
*,*,*,213.685,La_Nina,*,*,*,3.1859,*,*
*,*,45.6842,153.936,*,*,No,*,*,1.83933,*
*,*,48.6209,140.435,Neutral,*,Yes,*,*,*,237.067
1.62029,224.358,*,*,Neutral,Good,*,*,*,*,*
*,*,*,*,*,*,*,*,*,*,*
*,*,*,*,*,Good,*,*,*,*,*
*,*,59.6112,*,*,*,*,*,*,*,*
1.7628,*,*,145.647,*,*,*,*,*,*,*
*,*,16.794,23.4774,*,*,*,No,3.37823,*,*
*,*,*,81.7494,*,Damaged,*,*,*,*,*
*,*,*,136.321,Neutral,Damaged,*,*,*,0.241342,*
0.0190809,*,31.6959,*,*,Good,*,No,*,*,264.394
*,*,*,*,*,*,*,*,*,*,*
*,200.761,*,*,La_Nina,*,No,*,*,*,*
*,*,*,*,*,*,*,*,2.51525,*,*
7.2136,*,*,*,*,*,*,Yes,*,*,*
*,147.383,*,371.659,*,*,*,*,*,*,*
*,*,*,*,*,*,*,*,*,1.67829,91.0183
2.38966,*,*,336.467,*,*,*,No,2.46156,9.86644,*
*,*,*,*,*,Damaged,*,*,*,*,224.742
*,*,*,*,Neutral,*,*,No,4.94732,1.11511,*
*,*,*,*,La_Nina,*,*,*,*,*,192.036
1.60655,*,*,*,*,*,*,*,*,*,*
1.98663,*,*,*,Neutral,*,*,*,*,0.578995,*
*,*,*,*,*,*,*,*,*,1.80219,*
*,*,*,242.924,La_Nina,*,No,*,*,*,*
1.89979,*,139.69,*,El_Nino,*,*,*,*,*,74.3063
*,93.7637,0.875449,*,*,*,*,*,*,*,42.1584
5.55072,143.901,*,*,*,*,*,*,1.09094,1.0616,*
*,270.408,*,*,*,*,No,*,*,*,14.6935
*,*,*,*,*,Damaged,*,*,*,*,*
*,*,*,*,*,*,*,*,*,9.72464,176.28
*,*,*,*,*,*,*,*,*,*,*
*,*,174.516,*,*,*,*,No,*,*,*
*,*,*,*,El_Nino,*,*,*,*,*,26.5828
*,*,*,*,*,Good,*,*,2.40382,*,*
*,*,*,*,Neutral,*,*,*,*,*,*
*,*,*,*,*,*,Yes,No,*,*,*
*,*,*,12.6939,*,*,Yes,*,*,*,*
*,62.9427,*,*,*,*,*,*,*,0.50749,*
1.73032,92.9046,*,*,*,*,*,No,*,*,*
*,*,*,*,*,*,*,*,*,*,87.5047
*,*,73.6166,*,Neutral,Good,No,*,*,0.495994,65.6545
*,*,*,*,*,*,No,*,3.68585,*,41.0559
*,*,*,*,Neutral,*,No,*,*,*,*
*,*,*,*,*,*,*,*,4.95875,*,*
*,107.334,*,375.7,*,*,*,No,4.96789,*,*
0.799612,*,*,*,El_Nino,*,*,*,*,*,*
1.39024,*,*,*,El_Nino,*,*,*,*,*,*
*,*,*,20.6584,*,*,*,*,*,*,*
*,42.7843,*,*,*,*,*,*,*,6.74802,*
*,*,*,*,*,Good,*,*,*,*,*
*,119.055,*,*,Neutral,Good,*,*,*,*,24.6736
*,*,*,*,*,*,*,*,3.80553,*,*
0.438435,*,*,*,*,*,*,*,*,*,*
*,*,*,155.924,La_Nina,Damaged,*,Yes,2.11312,*,*
*,*,*,*,*,Good,*,*,2.35891,9.87194,*
*,*,*,*,*,Good,*,*,*,0.109036,*
*,28.6174,*,174.004,*,*,*,*,2.41329,*,*
*,*,21.4689,*,*,*,*,*,*,*,*
*,*,*,*,Neutral,Good,*,*,*,1.06093,*
*,*,126.642,*,*,Good,*,*,*,1.04095,*
*,160.353,*,*,*,*,*,*,*,1.66919,*
2.07136,98.8545,34.5371,*,*,*,*,*,*,*,*
*,271.829,*,256.197,*,Good,*,*,*,*,*
*,*,*,*,*,Damaged,*,*,*,*,*
2.83372,*,*,103.246,*,*,*,*,*,*,*
*,*,*,*,*,*,*,*,*,*,*
*,*,*,*,*,Damaged,*,*,*,0.232835,*
*,297.555,*,*,*,*,*,No,*,*,*
*,*,190,*,*,*,No,*,*,*,76.005
*,*,*,48.033,*,*,*,*,2.49513,*,36.8322
*,*,*,119.963,El_Nino,*,*,Yes,*,6.45233,*
1.1416,*,1.90653,*,El_Nino,Damaged,*,No,*,*,9.67786
*,201.192,*,*,*,Good,*,*,*,*,*
*,*,*,*,*,Good,*,No,*,*,*
*,*,*,76.9878,*,*,No,*,*,*,*
*,*,*,*,*,*,*,*,*,*,60.2653
*,*,*,*,*,*,*,*,*,*,*
*,*,*,*,Neutral,Good,Yes,*,3.10394,*,*
*,*,*,196.915,*,*,Yes,*,*,*,46.1753
*,*,*,*,*,*,*,*,4.93855,*,105.74
*,*,*,*,Neutral,*,*,Yes,*,*,*
*,*,*,*,*,*,*,*,*,*,*
*,*,*,*,*,*,*,*,*,*,*
*,*,*,175.421,Neutral,*,*,No,3.66368,1.59579,*
*,*,*,*,*,*,No,Yes,*,*,*
*,*,*,*,*,*,*,*,*,*,*
*,45.5537,4.22463,*,*,Good,*,*,*,7.63345,323.225
0.206837,*,*,*,*,*,*,*,*,0.128813,*
*,*,*,334.14,La_Nina,*,*,*,2.66951,*,*
*,340.363,*,*,*,*,No,*,*,*,*
7.7907,*,32.7941,*,*,*,*,*,*,*,167.282
*,*,*,*,*,*,*,Yes,*,*,*
*,339.228,*,*,*,*,*,*,*,*,*
*,*,*,*,*,Good,*,*,2.53595,*,*
0.0404391,*,*,*,*,*,*,*,*,*,*
5.25473,23.8749,*,*,El_Nino,*,Yes,*,*,*,*
*,*,*,*,*,*,*,*,*,*,*
*,*,*,*,Neutral,*,*,*,*,*,380.638
0.0744115,39.0457,*,*,*,*,*,Yes,*,0.737838,*
*,*,43.5624,*,*,*,*,*,*,*,*
*,*,*,177.646,*,*,*,*,*,*,*
*,*,*,*,La_Nina,*,*,*,*,*,195.023
*,*,*,*,*,*,No,*,*,1.60671,*
*,*,*,*,*,*,*,*,*,*,*
*,*,0.60983,*,*,*,*,*,*,*,*
*,*,*,*,Neutral,*,*,*,4.31892,*,*
*,*,*,*,Neutral,*,*,*,*,*,*
*,*,*,*,*,*,No,*,*,*,*
*,*,*,*,El_Nino,*,*,*,*,*,*
*,*,*,48.1533,*,*,*,*,*,*,*
1.49263,57.4919,37.8922,32.4302,*,Good,No,*,*,*,*
*,198.687,*,*,*,*,*,*,*,*,*
*,*,*,*,*,Good,*,No,3.09079,*,*
*,*,*,*,*,*,*,*,*,*,*
*,*,53.6329,*,*,*,*,*,*,*,*
*,*,*,*,La_Nina,Good,*,*,*,*,*
*,*,102.165,*,*,*,*,*,*,*,276.622
*,35.8502,*,*,*,*,*,*,4.88077,*,*
0.353936,*,65.9985,*,*,*,No,No,4.86672,*,30.7888
*,*,175.12,*,*,*,*,*,*,5.96862,*
*,95.2363,*,162.897,*,*,*,No,3.59828,*,258.252
*,*,*,*,*,Damaged,*,*,*,*,*
*,*,*,*,*,*,No,*,*,*,378.95
*,*,*,*,*,*,*,*,*,*,*
*,*,*,*,*,Good,*,*,*,*,*
*,*,*,*,*,*,*,No,3.75138,*,*
*,*,*,*,Neutral,*,*,*,*,*,*
*,*,*,*,Neutral,*,*,No,*,*,*
*,*,*,*,*,*,*,*,*,*,*
0.76557,*,*,*,*,*,*,*,*,*,*
*,*,*,*,*,*,*,*,*,*,42.1339
*,*,*,*,*,*,*,*,*,*,*
*,*,*,*,*,*,*,*,*,*,*
*,64.0656,*,*,*,*,*,*,*,*,368.983
*,*,*,*,*,Dead,*,*,*,0.514219,*
*,*,89.352,*,*,*,*,*,*,*,*
*,*,112.529,*,*,*,*,No,*,*,*
*,*,1.32219,75.7594,*,*,*,*,4.56159,*,*
*,*,*,*,*,*,*,*,*,*,25.4701
*,*,*,*,*,*,*,*,4.06738,*,*
*,*,*,*,*,*,*,*,*,*,*
*,*,*,*,*,*,*,*,*,0.629983,*
*,*,*,*,*,Good,*,*,*,*,*
*,*,*,*,*,*,*,*,*,*,*
*,*,*,*,*,*,No,*,*,*,*
*,*,*,*,*,Damaged,*,*,*,*,54.1359
*,8.69403,*,*,*,*,*,*,*,*,*
2.90374,*,*,*,*,*,*,*,3.07178,*,*
*,*,*,*,*,*,No,*,*,*,*
*,*,39.0495,*,Neutral,*,*,Yes,*,2.46699,*
*,35.9408,*,*,*,Good,No,*,3.28405,*,*
3.81991,*,128.529,*,Neutral,*,*,No,*,*,307.127
*,*,*,193.168,*,*,*,*,*,*,65.129
0.287674,*,*,13.6012,*,*,Yes,*,2.24148,*,12.9083
*,*,*,*,*,*,*,*,*,1.48771,*
*,*,*,*,*,*,*,No,*,*,132.714
2.00685,*,*,*,*,Good,*,*,*,*,*
*,*,*,132.873,Neutral,*,Yes,*,*,0.999291,*
*,*,*,*,*,Good,*,*,*,*,*
*,*,*,139.411,*,*,*,*,3.68191,*,69.5861
*,54.671,*,*,*,*,*,No,*,*,*
*,*,*,*,*,*,*,*,*,8.99859,*
*,*,*,*,*,*,*,*,*,*,*
*,*,*,*,El_Nino,*,*,No,*,*,*
*,*,19.5631,168.892,Neutral,*,*,*,*,*,*
*,*,*,113.582,*,*,Yes,No,*,*,*
7.05062,*,*,*,Neutral,*,*,No,*,1.4979,*
*,*,81.8646,*,*,Damaged,Yes,*,3.46021,*,*
*,*,*,59.6172,Neutral,*,*,*,3.0845,9.19888,*
*,*,48.7126,*,*,Damaged,No,*,*,*,97.4314
*,23.5332,*,*,*,*,*,*,*,*,*
*,330.067,115.737,*,*,*,*,*,*,*,21.1898
0.52108,*,39.9118,*,*,*,*,No,*,*,*
*,*,*,*,*,*,*,Yes,3.07283,*,*
*,*,*,*,*,*,*,No,*,*,*
0.601859,*,*,*,*,*,*,*,*,*,*
8.92861,13.142,*,*,*,*,*,*,*,*,164.099
*,*,*,*,*,*,Yes,*,*,7.72641,111.475
*,68.2857,*,*,*,*,No,*,2.04249,*,86.0935
*,*,147.102,*,*,*,*,*,*,*,37.2354
0.831459,*,*,97.1012,*,Good,*,*,3.38716,*,*
*,*,*,*,*,*,*,*,*,4.27352,*
*,*,*,*,*,Good,*,No,*,0.0495195,*
*,*,41.1573,*,La_Nina,Good,*,*,*,*,*
2.41655,*,*,*,*,*,*,*,2.59745,*,153.53
7.72247,*,*,*,*,*,*,*,*,*,*
*,65.7573,*,*,*,*,*,Yes,3.21986,*,*
*,7.91118,*,*,Neutral,*,*,*,*,*,*
*,*,*,*,*,*,*,*,*,*,*
*,*,*,39.9962,*,Damaged,*,*,*,*,*
*,*,*,*,*,*,*,Yes,*,*,*
*,*,*,*,*,Good,*,*,*,*,*
0.669068,*,27.5591,*,*,Damaged,*,*,*,*,*
*,*,9.38576,*,*,Damaged,*,*,*,*,*
*,*,*,381.784,*,*,Yes,*,2.44736,*,*
*,*,*,*,*,*,*,*,4.41506,0.636117,*
*,68.8286,46.6452,*,*,*,No,*,*,1.6383,*
*,*,178.273,185.854,*,*,No,No,4.62665,1.89363,52.9582
*,*,*,*,*,*,No,No,*,*,*
*,*,*,*,*,Good,*,*,3.15968,*,*
*,24.7076,*,*,*,*,*,*,*,*,0.792148
0.249952,337.485,*,*,*,Damaged,*,*,*,*,103.909
*,*,18.5169,*,*,*,No,*,*,*,*
*,267.517,*,*,*,*,*,*,*,*,*
4.36735,*,*,*,*,*,*,*,*,*,160.022
*,*,*,*,Neutral,*,*,Yes,*,*,*
*,38.3008,*,*,*,*,*,*,*,1.24542,*
1.41443,*,*,*,*,Good,*,*,*,6.18047,107.837
*,*,*,*,*,*,*,*,*,1.91227,*
*,*,*,*,El_Nino,*,*,*,*,0.533447,*
*,*,*,*,*,Good,*,*,*,*,*
*,*,30.0116,*,*,*,*,*,*,*,*
0.447048,*,*,*,*,*,*,No,*,*,*
*,*,*,*,El_Nino,*,*,*,*,8.17943,*
*,*,*,194.801,*,*,No,*,*,0.555387,*
*,*,*,*,*,*,*,No,*,*,*
*,*,*,*,*,*,*,*,*,*,88.4612
*,79.0038,*,*,*,*,*,*,*,0.7948,*
*,*,*,*,*,*,Yes,*,*,*,*
*,*,*,*,*,*,*,*,*,*,86.0868
7.74788,*,36.6294,*,*,*,Yes,*,*,*,*
*,113.618,*,*,Neutral,*,*,*,*,0.808608,*
*,*,*,*,*,Damaged,No,*,2.89896,1.89101,*
*,*,*,198.894,*,*,*,*,*,*,*
*,*,47.7373,*,*,*,*,*,2.27862,*,348.264
*,*,*,*,La_Nina,*,*,Yes,*,*,11.9744
*,*,*,22.9435,*,*,*,*,2.99751,*,*
*,*,*,*,*,*,*,*,*,*,*
5.77181,*,*,*,*,*,*,Yes,4.09566,*,*
*,*,16.7327,*,El_Nino,*,*,*,*,*,*
3.55277,*,*,*,*,*,No,*,*,*,*
*,*,*,*,*,*,*,*,*,*,4.04844
*,*,*,*,*,*,*,*,*,*,*
*,*,56.9205,*,*,*,Yes,*,*,*,*
*,*,*,*,*,*,*,*,*,1.29757,*
*,64.1805,*,151.166,Neutral,Good,Yes,*,*,*,24.3622
0.345102,45.0977,*,*,*,*,*,*,*,*,*
*,*,*,*,*,*,*,Yes,*,*,*
0.811515,204.717,*,*,El_Nino,*,No,*,0.369321,*,*
*,*,*,*,*,*,*,*,*,*,*
*,*,*,*,*,*,No,*,*,*,*
9.20766,*,*,*,*,*,*,*,*,*,*
*,*,*,*,*,*,No,*,*,*,164.067
*,8.57641,*,*,*,*,*,*,*,2.88143,*
*,*,*,*,Neutral,*,*,*,*,*,*
*,*,*,*,*,*,*,*,*,3.74008,*
*,*,*,*,La_Nina,Good,*,*,*,*,4.18464
5.42676,*,4.12069,*,*,*,No,*,*,*,*
*,384.751,*,*,*,*,*,*,*,*,*
1.16746,*,*,*,La_Nina,*,*,Yes,*,*,*
*,*,*,*,*,Good,*,*,*,*,*
*,71.5978,60.8905,117.6,*,*,*,*,*,0.759476,*
4.25267,*,*,*,*,*,*,No,*,*,*
*,*,19.6226,*,El_Nino,Good,Yes,*,*,*,*
*,72.4057,*,148.031,*,*,No,*,3.55646,*,*
1.81146,*,35.7298,*,*,*,*,*,*,*,*
*,*,*,*,*,*,*,*,3.97757,*,376.112
*,351.915,*,*,*,*,*,No,*,*,*
*,36.4327,24.675,*,*,*,*,*,3.06679,*,*
*,32.7635,*,140.548,Neutral,*,*,*,*,*,*
*,*,*,*,*,*,*,*,*,*,*
*,128.732,*,180.226,*,*,*,*,*,*,*
*,*,*,176.008,*,*,*,Yes,*,*,46.7543
*,300.956,*,*,*,Good,*,*,*,1.51869,85.0261
*,*,*,*,*,*,*,*,3.97268,*,*
*,*,*,*,*,*,*,*,2.28808,*,*
*,*,45.1714,*,*,Damaged,*,*,*,*,*
*,*,*,*,*,*,*,*,*,*,*
*,*,*,*,*,Good,*,*,*,0.637488,*
*,*,*,*,*,*,*,No,*,*,*
*,*,*,*,*,*,*,No,*,*,*
*,*,*,*,*,*,*,*,*,*,*
*,*,*,*,*,*,*,*,*,*,*
*,*,*,*,*,*,*,*,*,*,240.845
9.73545,219.611,*,*,*,*,*,*,*,*,*
*,42.146,*,*,Neutral,*,*,*,*,7.25346,*
*,*,*,*,La_Nina,*,No,*,*,*,122.44
*,*,*,67.2634,*,*,*,*,2.00635,*,*
*,*,*,*,*,*,*,Yes,*,*,*
1.03546,39.2181,*,10.7193,*,*,*,Yes,*,*,65.035
*,95.5696,*,*,Neutral,*,Yes,*,*,*,*
*,*,*,*,*,Damaged,Yes,*,*,*,*
*,*,*,*,Neutral,*,*,*,*,*,*
*,*,*,*,*,*,*,*,*,*,60.5799
*,18.6186,*,*,El_Nino,Good,*,*,*,*,*
*,*,*,*,*,*,*,*,*,*,125.844
0.414208,*,*,*,*,*,*,*,*,*,*
*,*,*,*,*,Good,*,*,2.44809,*,95.1927
3.37977,*,*,*,*,Good,*,*,*,0.410841,30.2866
*,366.755,11.2154,*,*,*,No,*,*,*,*
*,*,*,*,*,*,No,*,*,*,45.0557
*,56.6362,*,*,*,*,*,*,*,*,*
*,146.148,*,*,*,Damaged,*,No,*,*,7.60974
*,*,*,*,*,*,*,*,*,*,*
1.4142,*,*,*,*,*,*,*,*,*,33.8529
*,*,*,*,*,*,No,*,4.8578,*,*
*,370.506,*,86.3046,*,*,*,*,*,*,*
*,46.1234,*,*,*,Good,*,*,*,*,*
*,113.875,*,*,*,*,*,*,*,*,*
*,87.185,4.0706,119.719,*,*,*,*,3.43763,*,95.2556
*,*,*,58.1163,La_Nina,*,*,*,*,*,*
0.0400969,18.3937,*,*,Neutral,*,*,*,*,*,82.7699
*,*,*,*,*,*,*,*,*,*,224.616
*,*,*,*,*,*,*,*,*,*,114.954
*,*,*,*,*,*,*,*,*,*,*
*,*,12.6715,*,*,*,*,*,*,*,*
*,*,*,*,*,*,*,*,*,*,*
9.73804,*,*,*,*,Good,*,*,3.31,*,347.683
0.741591,*,*,*,El_Nino,*,*,*,*,*,*
*,*,26.1035,143.017,*,Good,*,*,*,*,*
*,*,*,*,*,*,*,*,*,*,*
*,*,*,*,Neutral,*,*,*,*,0.854878,*
*,49.4715,*,*,*,Damaged,Yes,*,4.16859,*,*
*,*,*,107.02,*,*,No,*,*,*,*
*,*,*,*,Neutral,*,*,*,*,*,334.437
*,99.2354,*,*,Neutral,Good,*,*,*,*,*
0.136822,*,30.1679,182.08,Neutral,*,*,*,*,*,311.753
*,*,*,*,*,*,*,Yes,*,*,*
0.35166,9.91744,*,15.5277,*,*,*,*,*,*,*
*,*,*,*,*,Damaged,*,*,*,0.845059,62.0279
*,*,146.774,*,*,Good,*,*,0.0332494,*,*
2.05281,*,4.7055,*,*,*,No,*,*,*,*
*,49.8531,*,*,*,*,*,*,*,*,*
*,*,*,*,*,*,No,No,2.79903,*,*
*,*,*,*,*,*,*,*,*,*,*
9.11589,108.939,*,*,*,*,*,No,*,*,*
*,*,*,*,Neutral,*,*,*,*,*,*
1.45978,*,*,*,El_Nino,Good,Yes,*,*,*,*
*,*,*,203.718,*,*,No,*,*,0.193122,*
0.332521,*,*,*,*,*,*,*,*,*,52.5061
*,*,51.531,*,El_Nino,*,No,*,*,*,*
0.0427452,*,39.2791,*,*,*,*,*,*,*,28.7908
*,*,*,*,Neutral,*,*,*,*,*,*
*,*,*,*,*,*,*,*,*,*,312.873
*,*,188.495,*,*,Good,*,*,*,*,*
3.99029,*,*,*,*,*,No,*,*,*,*
*,*,20.1158,*,*,*,*,*,*,1.35538,*
*,*,*,*,*,*,*,*,*,1.26263,*
*,*,*,*,*,*,Yes,*,*,*,*
*,*,*,294.14,*,*,*,*,*,*,*
*,*,69.9356,*,*,*,*,*,4.68937,*,*
7.96708,*,*,*,*,*,*,*,2.40926,*,388.16
*,*,*,*,*,*,*,*,2.99393,*,*
5.56511,78.7239,*,*,*,*,*,*,*,4.62861,*
*,*,*,178.465,*,*,Yes,*,*,*,*
*,*,11.0706,168.659,*,*,No,*,*,*,71.342
*,*,*,*,*,*,*,*,*,*,*
*,*,*,142.578,*,*,Yes,*,*,1.47391,*
6.31508,*,*,333.208,*,*,No,*,*,*,*
*,94.0006,17.7407,*,Neutral,Good,*,No,*,*,*
1.69073,*,*,*,*,*,*,*,*,*,*
*,*,2.70313,*,*,Good,Yes,*,*,*,129.175
*,*,*,70.9531,*,Good,*,*,*,*,*
2.61819,*,*,*,*,Good,*,*,*,*,*
*,*,*,40.1664,*,*,*,*,*,*,*
*,*,*,*,*,Damaged,No,*,*,*,*
*,192.269,*,*,*,Good,*,No,*,*,*
*,*,*,96.4973,*,*,*,*,3.0938,*,*
*,*,*,*,*,*,*,*,*,3.63526,*
*,251.035,*,80.5955,Neutral,*,*,*,4.39787,5.69511,*
*,*,188.462,87.9909,Neutral,Damaged,*,*,*,*,*
*,31.1906,*,85.9934,Neutral,Good,*,*,*,*,28.1859
6.68454,*,*,*,*,*,*,No,*,8.86406,*
3.34594,*,*,*,Neutral,*,No,*,*,*,*
*,*,168.263,*,*,*,No,*,*,*,*
*,76.7422,*,*,*,*,*,*,3.19806,*,*
*,169.514,*,*,*,*,*,Yes,*,*,*
*,*,*,76.7064,Neutral,*,*,*,*,1.78349,*
*,*,62.8891,*,*,*,*,No,*,7.4501,*
1.27851,*,*,*,El_Nino,*,*,No,*,*,*
*,26.486,13.1721,117.362,*,*,No,*,*,*,*
*,*,*,*,*,*,*,*,1.48095,*,*
*,61.4093,*,113.192,Neutral,*,*,No,*,*,*
*,322.402,116.825,*,*,Good,*,No,1.47534,*,388.849
*,*,*,*,*,Good,No,*,*,*,120.529
*,*,*,*,*,Damaged,*,*,*,*,*
*,*,*,*,*,*,*,*,*,8.27067,54.9278
*,*,*,*,Neutral,*,*,*,*,7.53838,*
*,*,*,*,*,*,*,*,*,1.08999,*
*,*,*,*,Neutral,Dead,No,*,*,*,*
*,*,*,*,*,*,*,*,*,*,*
*,*,*,*,*,*,*,*,*,*,*
*,*,*,125.525,Neutral,*,*,*,2.99476,*,50.5637
*,*,59.4564,97.6404,*,*,*,No,*,*,*
*,*,*,341.906,*,Good,No,*,3.86953,*,*
0.410508,*,*,10.2936,*,Good,*,*,*,7.18114,*
1.13059,12.0878,*,*,*,*,*,*,*,*,*
*,*,36.3151,*,*,*,*,*,*,*,*
*,*,3.6218,*,*,*,*,*,*,0.981667,28.542
*,*,*,*,La_Nina,*,*,*,*,8.51909,*
*,*,*,*,*,*,Yes,*,*,*,*
*,*,*,*,Neutral,*,*,*,*,*,*
*,*,22.8798,*,*,*,*,*,*,*,*
0.117566,*,*,*,*,Good,*,No,*,*,64.4441
2.6041,*,*,*,*,*,*,*,*,*,*
*,*,*,*,*,*,*,*,3.72123,*,137.95
*,56.2355,40.7067,*,*,Good,Yes,No,*,1.5321,63.6717
*,*,*,*,*,*,*,*,*,*,*
*,*,*,*,*,Good,*,*,*,*,*
*,*,*,*,*,*,*,*,*,1.89731,*
*,*,*,*,*,*,*,No,*,*,*
*,*,22.6655,*,*,Good,*,*,2.75895,*,*
8.96432,*,*,*,*,*,*,*,4.08405,*,*
*,*,87.5988,*,*,*,*,*,*,*,87.2355
0.149082,*,*,*,*,*,*,*,4.00439,*,*
0.0374857,384.984,*,*,*,*,*,*,*,1.05106,*
*,*,*,*,*,*,*,*,*,*,*
*,*,*,335.994,*,*,No,*,2.53195,*,*
*,*,*,118.277,*,Good,*,*,*,1.23348,*
*,*,*,*,*,*,*,*,*,*,*
*,*,*,*,*,*,Yes,*,*,*,*
*,*,*,31.8761,*,*,*,*,*,*,*
*,6.10053,*,33.042,El_Nino,*,No,*,*,*,*
*,*,*,*,*,*,No,Yes,3.88474,*,103.194
*,*,*,303.316,*,*,*,Yes,*,*,*
8.69565,*,*,*,*,*,*,*,*,*,*
*,236.402,*,*,*,Good,*,No,4.95308,*,97.2547
*,*,*,129.003,*,*,*,*,*,9.50597,*
*,*,16.1498,*,*,*,No,Yes,*,*,*
*,*,*,*,*,*,*,No,*,*,*
*,*,*,*,*,*,*,*,*,*,*
*,*,*,*,El_Nino,*,*,No,2.42653,*,*
*,*,*,*,*,*,*,*,*,*,*
*,19.9538,*,183.991,Neutral,*,*,*,*,1.21858,*
0.678043,*,37.8788,*,*,*,*,*,*,*,*
*,*,*,*,*,Good,*,*,*,*,*
*,*,*,307.544,*,Good,*,*,*,*,*
*,*,*,*,*,Good,*,*,*,6.26501,*
*,*,*,*,*,*,*,*,*,0.17477,*
1.38606,*,*,*,*,*,*,*,*,*,342.212
*,391.332,*,*,Neutral,*,*,*,*,*,41.9241
*,*,*,*,*,*,*,*,*,*,*
*,*,*,*,*,*,*,Yes,*,1.45192,*
*,*,*,*,*,Good,*,Yes,*,*,*
*,*,*,*,*,*,*,*,*,*,34.2706
*,*,*,190.776,*,*,*,*,*,1.15248,*
*,*,77.1993,*,*,*,*,*,*,*,*
*,*,25.3341,*,*,Good,*,*,*,*,297.843
*,*,*,*,Neutral,*,*,*,*,8.20825,*
*,*,4.63754,8.71745,*,*,*,*,*,*,*
*,161.954,*,*,*,Good,*,*,*,*,*
1.68552,*,*,*,*,Good,*,*,*,*,*
*,*,*,*,*,*,*,*,*,3.10966,*
*,*,74.2428,*,*,*,*,*,*,0.247571,68.3311
*,*,*,*,*,*,*,*,*,*,*
3.93571,*,*,*,*,*,*,No,4.02034,*,*
*,277.525,34.0159,*,*,*,*,Yes,*,*,*
*,10.8421,41.7403,*,*,Good,Yes,*,*,*,281.321
*,*,18.8046,44.6668,*,*,*,*,*,*,76.3212
*,209.174,*,304.719,*,Good,*,*,*,*,347.064
*,*,*,*,*,*,No,Yes,*,1.22546,*
*,*,*,*,*,*,*,*,*,*,93.2198
*,*,*,*,Neutral,*,*,*,*,*,*
*,*,*,*,*,*,*,*,*,*,*
6.72794,7.28457,*,*,Neutral,*,*,*,*,*,74.975
*,67.2514,*,*,*,Damaged,*,Yes,*,*,1.12072
*,91.2184,45.262,*,*,*,*,*,*,*,*
7.06501,*,124.33,*,*,*,*,Yes,3.04048,*,*
*,*,*,*,*,*,*,*,*,*,60.7252
*,178.779,*,*,*,*,No,No,*,*,*
*,*,*,134.688,*,*,*,*,*,2.04315,*
*,*,*,*,*,*,*,*,*,*,*
*,65.307,7.4612,*,*,*,*,*,*,*,*
*,*,*,97.8486,*,Good,*,*,*,*,*
*,*,*,70.3011,*,*,*,*,*,2.27681,*
1.5166,*,*,127.447,*,*,Yes,*,2.82715,*,300.476
*,*,*,*,*,*,*,*,3.59917,*,*
*,*,7.42937,12.9266,*,Good,Yes,No,*,*,*
*,*,*,*,*,*,*,*,*,*,*
1.96122,*,*,*,*,Damaged,*,No,*,*,*
*,*,*,*,*,Good,*,*,*,*,*
*,45.5284,*,*,*,*,*,*,*,*,*
1.79857,*,71.1345,*,*,*,*,*,*,*,211.384
*,*,*,*,*,*,*,No,4.58321,4.71245,*
*,*,163.565,*,*,*,Yes,No,*,*,*
*,*,*,*,El_Nino,*,Yes,No,*,*,*
*,*,*,*,*,*,*,*,*,0.515418,*
*,*,*,185.885,*,*,*,*,*,*,261.671
*,*,*,*,*,*,*,*,*,*,*
*,*,*,137.968,Neutral,*,*,No,1.7513,*,*
*,*,*,*,*,*,*,*,2.31189,*,*
*,*,*,124.164,*,Damaged,*,*,*,*,*
*,*,*,*,*,*,*,*,*,*,*
6.07799,*,*,*,*,*,*,No,*,*,*
*,*,*,*,*,*,*,*,*,*,341.769
*,*,*,*,Neutral,*,*,*,*,*,*
*,276.758,156.427,363.772,*,*,*,*,*,*,275.678
*,*,*,*,La_Nina,*,Yes,*,*,1.41948,*
9.62086,*,*,*,Neutral,*,*,*,*,*,*
*,*,*,23.6203,*,*,Yes,*,*,*,90.5337
1.76147,*,*,*,Neutral,Good,*,*,*,*,*
*,*,*,*,*,*,*,*,2.40753,*,*
*,*,*,*,*,*,No,*,*,*,*
*,*,*,*,*,*,*,*,*,0.36322,*
*,*,*,*,*,*,Yes,No,*,1.62041,*
*,48.8581,*,*,*,*,*,*,4.97302,7.0913,134.203
0.512725,*,*,*,El_Nino,*,Yes,*,*,*,119.913
*,121.99,*,*,*,*,No,Yes,3.27516,*,*
*,*,*,*,Neutral,*,*,*,*,*,*
*,*,*,*,Neutral,Good,*,No,3.82886,*,*
*,*,*,*,*,*,*,*,*,*,*
9.78803,*,*,63.0712,Neutral,*,*,*,*,*,16.8015
*,*,*,*,Neutral,Good,*,*,*,8.56829,*
*,*,*,*,*,Good,*,*,*,*,*
*,*,*,*,*,*,*,*,*,*,*
*,*,*,*,*,*,*,*,2.48535,1.29418,*
*,*,47.8407,*,Neutral,*,Yes,No,*,*,50.7117
*,243.752,134.599,*,*,*,*,*,*,*,*
*,96.6897,*,*,*,*,*,*,*,*,24.0108
*,*,49.9069,*,*,*,*,*,*,*,*
*,*,6.95728,*,*,*,*,*,*,*,*
*,*,*,*,*,*,*,*,*,0.880163,*
*,*,*,*,*,*,Yes,*,*,*,*
*,*,*,*,*,Good,*,*,*,*,356.49
*,*,*,*,Neutral,*,*,*,1.52299,*,*
*,*,4.24113,193.773,*,*,*,*,*,*,*
*,*,*,*,*,*,*,*,*,*,*
*,*,*,216.565,*,*,*,No,1.57107,1.98728,*
*,*,*,*,*,*,*,*,*,*,*
*,91.8853,*,*,*,Damaged,No,*,*,*,*
*,*,*,*,*,*,*,*,3.54406,*,*
*,*,5.37358,47.4519,*,*,*,*,*,*,*
*,99.4931,*,4.91527,*,*,*,No,*,*,*
*,*,*,*,*,*,*,*,*,*,*
0.362479,*,*,*,*,*,*,*,*,*,*
*,*,*,*,*,Damaged,*,*,*,*,*
*,14.1796,*,119.588,*,*,*,*,2.08708,*,311.542
*,178.556,*,83.3547,*,Dead,*,*,*,*,84.6822
*,*,*,*,*,*,No,No,*,*,*
*,26.7952,*,*,*,*,*,*,*,*,*
*,*,*,183.474,*,Damaged,*,*,*,0.30349,*
*,*,*,*,*,*,Yes,*,3.71609,*,*
*,*,*,*,Neutral,*,*,*,2.50068,*,*
*,*,*,131.825,*,*,*,*,*,*,*
*,*,22.5229,*,*,*,*,No,*,*,*
*,*,*,*,*,*,*,*,*,*,*
*,*,*,*,*,*,*,*,*,*,*
*,*,*,*,*,*,*,No,*,*,23.3293
*,*,*,*,*,*,Yes,*,4.67702,*,97.0194
*,*,*,*,*,*,*,*,2.93945,*,*
*,*,*,*,La_Nina,*,*,No,*,*,*
8.89891,3.4598,*,132.466,*,Damaged,No,Yes,*,*,*
*,364.81,24.3666,*,*,*,*,*,*,*,*
*,*,18.3695,*,*,*,*,*,*,*,*
0.0148504,*,*,*,*,*,*,*,*,*,*
*,*,*,*,El_Nino,*,*,*,*,*,*
*,*,194.578,*,*,*,No,*,*,*,*
*,3.91327,*,*,*,*,*,*,3.81801,*,*
*,*,*,*,*,*,*,*,*,*,279.815
*,*,*,*,*,*,*,*,*,*,*
*,*,*,*,Neutral,*,*,*,0.877358,*,*
1.75264,*,41.3122,*,*,*,*,*,*,5.61717,4.65098
*,*,*,134.906,*,*,*,*,*,0.865088,*
*,*,*,178.909,*,*,*,*,*,*,54.4808
*,69.6868,*,*,*,*,*,*,*,*,3.23659
*,165.193,*,*,Neutral,*,*,*,3.79591,*,*
*,*,70.2971,*,*,*,Yes,*,*,*,*
*,*,*,134.983,*,*,No,*,1.76877,*,*
*,*,*,198.172,Neutral,*,Yes,*,*,6.47196,*
*,64.474,19.3333,*,*,*,*,*,*,*,*
*,*,*,*,La_Nina,Good,*,*,*,1.08295,*
*,382.444,*,174.57,*,*,*,*,*,*,*
4.78628,*,*,362.53,*,*,*,*,*,*,*
*,*,*,*,*,*,*,*,*,*,*
*,*,*,*,*,*,*,*,*,*,*
*,*,*,134.981,*,*,*,*,*,6.48061,*
0.167416,*,*,*,*,*,*,*,*,1.09014,*
*,*,*,*,*,Good,Yes,*,*,*,261.852
*,*,*,*,La_Nina,*,*,*,*,*,278.729
*,81.6918,13.3582,33.1363,*,*,*,No,2.09181,*,*
1.376,348.699,*,*,Neutral,*,*,*,*,*,66.9834
*,0.231984,*,58.4277,*,*,*,*,*,*,*
*,*,4.07177,*,*,*,No,*,*,*,*
*,*,*,48.5089,*,*,*,*,*,*,79.089
*,*,*,*,*,Damaged,*,Yes,*,*,76.982
5.11159,*,96.8482,*,La_Nina,Dead,*,No,*,*,*
*,*,*,*,*,*,*,*,*,0.0242937,*
*,*,67.9682,*,*,*,*,*,*,2.89465,391.573
*,*,*,*,*,*,*,Yes,2.09874,*,*
*,*,*,*,*,*,*,*,*,*,*
7.63949,*,91.3012,*,La_Nina,*,*,*,*,*,*
*,*,*,*,*,*,*,No,*,*,43.8711
*,*,*,*,Neutral,*,*,*,*,*,21.2826
*,64.3324,*,*,*,*,*,Yes,2.79927,*,*
*,168.39,185.977,*,*,*,*,*,*,*,*
7.67578,*,159.447,*,*,*,No,*,*,*,*
*,*,*,*,*,*,*,*,*,*,*
*,*,*,*,*,*,*,*,1.63976,*,*
*,*,54.5663,*,Neutral,*,*,*,*,0.401219,*
*,*,*,*,*,*,*,*,*,*,*
0.27008,*,*,*,*,*,*,*,*,*,155.353
2.74599,*,126.854,97.7838,*,*,*,*,*,*,*
8.53598,*,*,*,*,*,No,*,*,*,*
*,315.723,*,*,*,*,*,*,3.34975,2.68624,*
*,33.4333,*,*,*,*,No,No,*,*,20.3703
*,*,*,*,*,Good,*,No,*,*,*
1.43712,*,*,75.2119,*,*,*,*,*,*,*
*,*,*,*,*,*,*,Yes,*,*,7.70039
*,*,*,165.004,Neutral,*,Yes,*,*,*,*
*,*,*,110.786,*,*,*,*,*,*,*
*,*,*,*,*,*,*,*,*,*,*
2.48375,*,37.2488,*,*,Good,Yes,*,*,1.86428,*
*,233.862,103.444,*,Neutral,Good,*,*,*,*,*
*,*,*,*,*,Good,Yes,*,*,*,*
*,*,*,*,*,*,*,*,*,*,310.119
*,*,44.0702,88.8778,*,Dead,*,*,3.91035,*,*
*,*,*,*,La_Nina,*,No,*,*,*,*
*,*,*,*,*,*,*,*,0.88752,*,*
*,*,*,*,Neutral,*,No,No,*,*,*
0.218942,*,*,*,*,*,*,Yes,*,*,*
*,*,*,238.472,*,*,*,No,*,*,*
1.15752,*,82.6528,44.505,*,*,*,*,3.94444,*,109.23
0.0980819,*,*,*,*,*,*,*,4.67349,*,*
*,*,*,*,*,*,*,No,*,0.804856,*
*,*,2.31995,*,*,*,*,*,*,*,*
*,*,*,*,*,*,*,*,4.06309,*,*
4.536,*,*,*,Neutral,*,*,*,*,*,*
*,252.599,*,234.063,La_Nina,*,*,*,*,*,*
*,*,*,150.152,*,*,*,*,*,*,34.5938
*,5.28133,*,*,*,Damaged,*,*,*,1.39611,*
*,*,29.8815,*,*,*,*,No,*,*,*
*,*,*,124.069,*,*,*,No,*,*,*
*,*,*,*,*,Good,*,*,3.4243,*,*
*,196.65,*,*,*,Damaged,No,*,*,*,97.9236
*,241.739,*,*,Neutral,*,*,*,*,0.883957,*
*,*,*,*,*,*,No,Yes,*,5.56315,*
*,*,*,*,Neutral,*,*,*,*,*,*
7.72888,*,67.2437,*,Neutral,Good,*,*,*,*,*
*,*,*,*,Neutral,*,*,No,*,*,*
*,139.096,*,*,La_Nina,Damaged,No,*,*,5.25867,*
*,*,11.048,*,Neutral,*,Yes,*,*,*,33.8802
*,75.222,*,*,*,*,No,*,*,*,*
*,*,*,*,*,*,*,No,*,*,*
3.21204,*,2.00987,*,*,*,*,*,*,*,*
*,*,*,34.7935,*,*,*,*,*,*,*
*,*,*,*,*,Damaged,*,*,*,*,204.054
*,*,*,*,*,*,*,*,*,*,28.4855
6.3409,*,39.7746,*,*,*,*,*,3.46094,*,*
*,*,*,*,La_Nina,*,*,No,*,*,*
*,301.402,*,*,*,*,*,*,*,7.78841,393.206
*,*,*,176.644,*,*,*,*,*,*,*
*,*,*,*,*,*,*,*,2.08439,1.61941,*
*,*,2.29985,*,Neutral,*,*,*,*,*,*
*,156.215,*,*,*,*,*,No,*,*,*
*,*,*,*,*,Good,No,*,*,*,309.516
*,*,99.4129,*,*,*,No,*,*,*,*
*,*,*,181.2,*,*,No,*,*,*,293.371
*,*,87.9032,*,*,Good,*,No,*,0.621237,*
*,*,*,*,*,*,*,*,*,*,*
*,*,19.3019,*,*,Damaged,No,*,*,*,*
*,*,*,*,El_Nino,*,*,*,*,*,*
*,*,*,*,*,*,*,*,*,*,6.17403
*,*,*,*,*,*,*,*,*,1.56439,*
*,*,*,*,*,*,*,*,*,*,*
*,*,*,*,*,*,*,*,*,*,*
*,*,*,*,Neutral,Dead,*,No,*,*,*
8.90592,276.071,*,*,*,*,No,*,*,6.5399,*
*,*,*,*,*,*,*,*,*,*,*
8.76737,*,*,*,*,*,No,*,*,*,313.518
*,*,182.188,*,*,*,*,*,4.88934,3.37195,*
*,*,*,*,*,Good,*,*,*,*,56.9285
*,284.375,*,49.0042,El_Nino,Damaged,*,Yes,*,*,4.57896
*,93.4386,*,43.447,*,*,*,*,*,*,*
*,79.8382,*,*,*,*,Yes,*,*,*,*
*,37.5758,*,*,Neutral,*,*,*,*,*,*
*,88.7552,*,*,*,*,*,*,*,*,*
*,99.9168,*,*,*,*,Yes,No,3.80725,*,*
*,105.818,*,*,*,*,*,*,*,*,*
8.71436,*,42.3949,*,*,*,No,*,*,*,*
*,*,*,*,*,*,Yes,*,*,*,*
*,*,*,*,*,*,*,*,*,*,*
*,*,*,*,*,*,*,No,3.55801,*,*
1.24625,*,*,*,El_Nino,Damaged,Yes,*,*,*,*
2.59307,*,66.8778,*,Neutral,*,Yes,No,*,7.78867,*
*,*,*,74.7344,*,*,*,*,*,*,354.697
*,*,*,*,*,*,*,*,*,*,*
*,*,*,*,*,Good,*,*,*,*,*
*,*,*,*,La_Nina,*,*,*,*,*,122.238
*,*,*,81.9441,El_Nino,Good,*,No,*,*,*
*,87.8562,*,*,Neutral,*,Yes,*,*,*,*
*,*,*,*,El_Nino,*,*,*,*,*,*
*,0.871617,*,*,*,*,*,Yes,*,0.233811,21.8777
3.63116,*,*,*,*,*,*,*,4.29719,6.2102,*
4.07708,*,*,*,*,Damaged,*,*,*,*,*
*,*,*,*,*,*,*,*,*,*,*
1.42216,*,*,*,*,Good,*,*,*,*,*
3.57193,*,*,*,*,*,*,*,*,*,*
*,*,*,*,*,*,*,Yes,*,*,*
5.16756,*,*,226.549,*,*,*,No,*,*,*
*,*,*,*,Neutral,*,*,*,*,*,*
*,*,*,*,*,*,No,*,*,*,*
*,*,32.1162,*,*,*,*,*,3.4093,*,367.649
*,239.318,*,*,La_Nina,Good,*,*,*,9.40278,*
*,*,*,73.6529,Neutral,*,*,*,*,0.194744,*
1.44605,*,*,*,La_Nina,*,*,*,*,*,275.109
*,*,*,*,La_Nina,*,*,*,*,*,*
*,*,*,*,Neutral,*,*,*,*,*,*
*,*,*,123.899,Neutral,Damaged,*,*,*,*,*
*,*,*,*,La_Nina,*,*,*,*,*,69.3653
*,57.6467,*,*,*,Damaged,No,*,*,*,*
*,147.576,*,325.7,*,*,*,Yes,*,*,*
*,*,*,371.908,*,Good,*,No,*,*,80.6344
*,*,*,169.715,El_Nino,*,No,*,*,*,*
*,*,59.031,177.367,*,Good,*,No,*,*,367.421
1.77691,*,*,*,El_Nino,*,*,*,*,*,*
7.49963,*,*,*,*,Good,*,*,3.44656,*,387.801
6.22735,*,*,*,*,*,*,*,2.21867,*,5.08411
*,*,*,*,El_Nino,*,*,*,*,*,*
*,*,*,114.399,Neutral,*,*,*,*,*,*
*,*,*,*,*,*,*,*,*,*,*
2.92166,*,33.6993,*,*,*,Yes,No,3.22829,*,*
0.637262,*,21.2095,*,*,*,Yes,*,*,*,*
*,*,*,*,Neutral,*,*,No,*,*,252.751
*,29.173,*,*,*,*,*,*,*,*,*
*,*,*,*,*,*,*,*,4.51117,2.4143,*
0.0163602,272.272,*,123.953,Neutral,*,No,*,*,*,*
*,*,14.9683,88.3762,*,Good,*,*,4.09455,*,*
*,7.86262,*,*,*,*,*,*,*,*,*
*,*,*,65.6715,*,*,*,*,*,*,90.6284
*,380.347,*,*,*,*,*,*,*,*,*
*,*,*,*,*,Good,*,*,*,*,*
*,*,*,*,Neutral,Good,*,*,*,8.72727,*
*,*,*,*,*,*,*,*,*,0.447088,39.3339
*,*,*,*,*,*,*,*,*,3.38439,*
*,*,*,*,*,*,*,*,*,*,*
4.84678,*,*,*,*,*,*,*,*,1.17695,*
*,*,*,132.713,*,Good,*,*,*,*,63.3551
*,*,*,*,Neutral,*,*,No,3.08257,*,*
9.0562,*,*,*,*,*,*,*,3.25505,*,*
*,*,*,*,*,*,*,*,*,*,*
*,*,*,*,Neutral,*,No,*,*,*,*
*,*,*,*,*,Good,*,*,*,1.82492,55.5349
*,*,15.6969,*,*,*,*,*,*,6.22986,166.38
3.24205,*,*,*,*,Damaged,*,*,*,*,*
*,*,*,*,*,*,*,*,*,*,56.2145
*,392.704,*,*,*,Good,*,*,4.54201,*,*
*,*,*,*,*,*,*,*,*,*,*
0.244213,*,*,*,*,*,*,*,3.43539,*,*
*,*,89.0608,*,*,*,*,*,*,*,66.8897
*,*,*,*,*,*,*,*,*,*,*
*,*,*,*,*,Good,Yes,*,*,0.845493,*
*,91.4519,*,*,*,Good,*,*,*,*,255.162
0.325733,351.732,*,*,*,Good,*,*,*,*,*
*,*,*,160.867,*,*,*,No,*,0.896283,8.73122
*,*,*,*,*,*,*,*,*,*,341.357
1.79645,96.73,*,165.67,*,*,*,No,*,0.643027,*
*,*,*,*,*,Dead,*,*,*,1.07448,*
*,*,19.8261,*,*,*,*,*,*,*,345.016
*,65.1147,*,*,*,*,*,*,*,*,*
*,*,*,*,*,*,*,*,*,*,*
8.70848,*,*,*,Neutral,*,*,*,*,*,*
5.87284,*,*,*,Neutral,*,*,*,4.5032,*,*
6.0526,*,*,*,*,*,No,*,*,*,*
*,18.3433,40.7658,63.1391,*,*,*,*,3.06157,0.359774,*
*,*,*,*,*,*,*,*,*,*,14.7102
*,*,*,101.903,*,Good,*,No,*,*,*
*,*,*,*,*,*,Yes,*,3.68921,*,*
*,*,*,137.676,*,*,*,*,*,*,*
*,167.6,*,*,*,*,*,*,*,0.458355,96.358
*,*,8.71912,*,*,*,*,*,*,0.632204,42.1655
*,339.399,109.79,*,Neutral,*,No,*,*,*,*
5.25315,*,*,*,*,*,No,*,*,*,*
*,105.941,*,*,*,*,*,*,*,*,*
*,20.5881,*,*,*,*,*,No,*,*,*
*,108.114,*,*,*,*,*,Yes,*,0.699985,*
6.18672,*,*,*,*,*,*,*,3.86606,*,377.599
8.82091,*,37.9798,*,*,*,*,*,*,*,*
*,*,*,*,*,*,*,*,*,1.53879,*
0.326207,*,*,*,El_Nino,*,*,*,*,1.97555,*
*,*,*,*,*,*,*,*,*,*,*
*,81.3132,*,*,*,*,*,*,*,*,*
5.34774,374.005,*,*,*,Good,*,*,4.38282,0.453129,*
*,57.5812,31.4369,*,Neutral,Good,*,No,1.1393,*,*
6.6819,45.2707,*,*,*,*,No,*,*,*,*
2.71517,281.345,185.975,*,*,*,No,*,*,*,*
*,*,*,20.4454,*,*,*,*,4.09649,*,*
*,*,34.0678,*,*,*,*,*,*,*,*
*,*,*,307.877,La_Nina,*,*,*,*,*,*
*,*,*,*,*,*,*,*,*,*,156.62
*,*,*,*,Neutral,*,*,*,*,*,2.07869
*,*,*,314.267,*,*,*,No,*,*,*
*,29.7752,*,*,*,Good,*,*,2.91494,*,*
*,*,*,102.443,*,*,*,*,2.84001,*,*
*,*,139.596,130.431,*,Damaged,*,No,*,0.404441,*
3.40398,329.28,*,*,*,Good,*,*,*,*,156.926
*,*,*,*,*,*,*,*,*,1.97745,30.3844
*,*,85.9893,*,*,*,No,*,*,1.25066,*
8.83054,*,*,150.661,Neutral,*,*,*,*,*,*
*,*,*,*,Neutral,Good,*,*,2.67069,*,*
1.76598,*,*,*,*,Dead,*,No,*,0.594204,*
*,27.4926,*,*,*,*,*,Yes,*,*,88.6572
*,383.978,*,*,*,*,*,*,*,3.38605,*
*,*,*,*,*,*,No,*,*,*,*
*,*,*,*,Neutral,*,*,*,*,*,*
9.95719,*,89.6678,*,*,Good,*,*,*,*,397.759
*,*,*,*,*,*,Yes,*,*,*,*
*,*,*,250.9,*,*,*,*,*,*,174.874
*,141.266,*,*,*,*,*,*,4.86122,*,263.141
*,*,25.2834,*,*,*,No,*,*,*,*
*,*,*,*,*,*,*,*,*,*,*
*,*,*,147.976,*,*,*,*,*,*,*
*,*,*,*,*,Damaged,*,*,4.20759,*,*
*,*,120.689,*,El_Nino,*,*,*,3.51997,*,*
*,*,*,189.445,*,*,*,*,*,*,*
*,*,*,*,*,Good,*,*,*,*,*
*,*,*,*,*,*,*,*,*,*,*
*,*,*,*,*,*,Yes,*,*,*,*
*,*,*,*,Neutral,Damaged,*,*,*,*,57.2246
0.234271,*,*,*,El_Nino,*,Yes,*,*,1.47425,*
*,*,*,*,*,*,*,*,2.72748,*,*
*,*,*,*,*,Good,No,*,*,*,47.2815
*,*,*,*,*,*,*,Yes,*,*,*
*,98.5436,37.9338,*,*,Good,Yes,*,*,*,86.9469
*,27.2103,*,*,*,*,*,*,*,*,73.6905
*,55.8838,*,*,*,*,*,No,*,7.43249,*
*,*,*,*,Neutral,*,*,*,*,7.50122,*
*,85.5962,*,49.6525,*,*,No,*,*,*,*
*,*,*,*,*,Damaged,*,No,3.02733,*,*
1.92258,44.567,28.5276,17.5283,*,*,*,*,*,0.419777,*
0.792347,*,*,170.207,*,*,*,No,2.73013,*,*
*,*,30.2796,*,*,Good,*,Yes,*,1.32547,*
*,*,158.062,*,*,Good,Yes,*,*,2.06265,274.758
*,185.202,*,*,*,Good,*,*,*,1.16443,*
*,314.133,*,*,Neutral,*,No,*,*,*,*
*,*,*,*,*,*,*,*,*,*,*
*,*,*,*,*,*,*,*,2.00524,*,4.01933
*,*,*,*,*,*,No,*,*,*,*
0.638506,*,*,*,*,*,No,Yes,*,*,*
*,*,*,*,*,*,*,*,*,*,*
*,*,*,*,*,*,*,*,*,*,*
4.5206,*,*,*,*,*,*,*,*,*,*
*,*,*,*,*,*,No,*,*,*,*
*,*,*,*,*,Damaged,*,No,*,*,*
*,36.9794,15.6408,*,*,*,*,*,*,*,60.4742
*,*,*,175.004,*,*,*,Yes,*,1.39061,*
*,*,92.1392,*,*,Damaged,*,*,*,*,*
*,*,84.7751,*,*,Dead,*,*,*,*,*
*,25.5031,*,*,*,*,Yes,No,3.73673,*,*
*,25.9731,*,*,*,*,*,Yes,*,9.71449,*
*,*,*,*,*,*,*,*,4.4292,1.71526,*
*,246.749,*,*,Neutral,Dead,*,*,4.67989,*,*
1.03581,*,*,*,*,*,*,*,*,*,*
0.452948,*,74.9306,14.4421,*,*,No,No,2.15697,*,*
*,338.11,103.826,*,*,*,*,*,*,*,*
*,*,116.705,147.084,*,*,No,*,*,*,*
*,*,5.94739,*,Neutral,Damaged,*,*,*,*,12.7088
*,89.1302,*,*,*,*,No,*,2.01133,0.953955,*
5.20351,*,121.257,*,La_Nina,*,No,*,*,*,*
*,*,*,*,*,*,*,Yes,*,*,17.1091
1.03913,*,*,102.056,*,Good,*,*,*,*,*
*,*,*,*,*,Dead,*,*,*,*,5.31437
*,13.6673,*,*,*,Damaged,*,Yes,*,*,*
1.62532,*,*,*,*,Good,*,*,*,*,*
8.31226,335.474,*,*,*,*,*,*,4.56282,*,*
*,*,*,*,*,Good,*,*,*,*,*
0.661149,*,*,*,*,*,No,No,*,*,*
*,*,5.47682,157.304,*,*,*,No,*,*,*
1.57756,*,*,*,El_Nino,*,*,*,1.76432,*,*
*,*,*,*,Neutral,*,*,No,*,1.46155,*
*,249.306,*,128.208,*,Damaged,*,*,2.58199,*,*
*,*,*,*,*,*,*,*,*,*,*
*,*,104.708,*,*,*,No,*,*,*,*
0.720237,*,*,*,*,*,No,No,1.20989,*,59.5565
*,*,14.4313,*,*,Good,*,*,*,*,76.483
*,*,*,*,*,*,*,*,*,*,*
4.9244,130.759,*,*,*,*,*,*,4.10918,*,*
*,*,*,*,*,*,No,*,*,*,*
2.20303,*,*,*,*,*,*,*,*,*,*
0.137323,*,*,*,*,Good,Yes,*,*,*,*
*,*,0.115856,107.223,*,*,Yes,*,*,*,342.787
*,*,*,162.19,*,*,*,*,*,*,*
*,*,*,337.001,*,*,*,*,*,*,395.534
*,*,116.583,122.588,*,Good,*,*,2.92689,*,*
*,*,46.2249,*,*,Good,*,*,*,*,*
*,*,*,*,*,Good,Yes,*,3.23711,*,*
*,*,*,34.6856,*,*,*,*,*,*,49.0549
*,*,*,*,*,*,*,*,*,*,*
*,*,*,*,La_Nina,*,*,*,2.16779,*,*
*,*,*,*,*,*,*,*,*,5.64321,*
*,*,50.0029,*,*,*,*,*,*,*,*
*,*,8.10229,*,*,*,No,*,3.06941,1.22073,*
*,12.1031,*,*,*,*,No,*,*,*,138.278
*,*,*,*,*,*,No,*,*,6.03625,*
*,*,*,*,*,*,*,*,*,*,*
*,259.049,*,263.863,*,*,No,*,*,*,*
*,*,*,89.7882,*,Good,*,*,*,*,*
*,*,*,*,La_Nina,*,*,*,2.22395,*,*
*,*,*,10.7292,El_Nino,*,No,*,*,*,*
*,*,*,138.375,*,Good,*,*,2.44648,9.78272,*
*,*,*,*,*,Good,No,*,*,*,*
*,274.55,93.6968,*,El_Nino,*,No,Yes,*,*,*
5.08593,*,*,132.236,*,*,*,No,*,*,*
*,*,*,*,*,*,*,*,*,1.81501,*
*,*,*,*,Neutral,Good,*,No,*,*,*
*,*,*,*,*,Good,Yes,*,2.24018,*,*
*,*,*,*,*,*,*,*,*,*,*
*,*,*,77.1341,Neutral,*,*,*,*,*,67.0929
*,*,112.889,*,*,*,*,No,*,*,*
*,62.451,*,*,Neutral,*,*,*,*,*,*
*,*,*,64.5669,*,*,*,*,*,*,*
6.43528,*,*,*,*,*,*,*,*,*,*
*,356.752,*,*,*,*,*,*,*,*,*
*,*,141.684,*,*,*,*,*,*,*,240.977
7.20736,*,*,*,*,*,No,*,*,*,*
8.23715,*,*,*,*,*,*,*,*,*,*
*,*,19.341,304.259,*,Good,*,*,*,*,*
*,*,*,*,*,*,*,*,*,6.93789,135.532
*,255.45,*,*,*,*,*,*,*,*,*
*,*,*,*,Neutral,*,*,*,*,1.72531,*
*,82.167,*,*,*,*,*,*,*,1.08087,*
*,383.589,49.5235,*,El_Nino,*,*,*,*,0.37606,*
*,31.1329,*,*,*,*,*,*,*,*,*
*,*,*,*,*,*,*,No,*,*,*
*,*,*,*,*,*,*,*,4.13039,0.81109,*
*,*,*,*,*,*,*,*,*,*,*
4.62007,11.0468,*,*,*,*,*,*,*,*,340.947
*,*,*,*,*,*,*,*,*,*,*
*,*,*,*,*,*,*,*,*,*,99.7696
*,176.911,*,*,*,*,*,No,*,*,94.3206
5.12677,173.091,*,*,*,*,*,*,*,*,*
*,*,*,42.0337,*,Damaged,*,No,4.85034,*,9.39563
*,126.298,88.2999,*,*,Dead,*,*,*,1.24012,6.34906
*,*,*,*,*,*,No,*,*,3.82648,346.347
*,*,*,*,*,Good,*,No,2.20047,6.05581,*
*,128.959,60.0085,*,*,*,*,*,*,*,*
*,*,*,*,*,*,*,*,*,*,*
1.13811,369.405,*,*,*,*,No,*,0.551589,*,*
*,*,*,*,*,Damaged,No,*,*,0.541769,*
*,15.3394,*,313.121,La_Nina,*,*,*,*,*,331.941
*,*,*,*,Neutral,*,No,*,3.04494,*,*
*,*,*,*,*,*,*,*,*,1.2502,*
*,*,*,*,El_Nino,*,*,*,4.97368,*,*
*,*,*,171.08,*,*,*,*,*,*,*
*,*,71.1538,*,El_Nino,*,*,*,*,0.446492,*
*,*,*,*,*,*,*,*,2.89831,*,212.91
8.35738,*,*,374.483,*,*,*,Yes,3.45416,*,*
*,85.1048,*,*,Neutral,Good,*,*,*,1.09336,43.7952
*,*,*,*,*,*,No,*,*,*,72.1674
0.038179,*,*,42.5201,*,*,*,*,*,*,57.7419
*,*,*,66.9149,*,*,*,*,3.91155,*,*
*,*,*,305.738,*,*,*,Yes,3.8597,*,*
*,*,*,90.193,*,*,*,*,*,*,77.7192
*,*,29.4402,10.6102,*,*,*,*,*,*,*
*,*,98.2144,228.399,*,*,*,*,*,*,*
*,*,*,128.674,*,*,*,*,2.72791,*,206.723
*,*,*,*,*,*,Yes,*,*,8.84519,94.8958
*,*,*,*,Neutral,*,*,*,2.31531,*,*
*,*,*,*,*,*,*,*,*,*,*
*,51.7143,46.6269,*,Neutral,*,Yes,*,*,*,*
1.97277,*,*,122.865,*,*,*,*,*,*,*
*,136.585,*,*,*,*,*,*,*,6.58592,*
*,165.049,*,*,*,*,*,*,*,*,*
*,*,*,*,*,*,*,No,*,6.21909,*
*,*,*,*,*,Damaged,*,*,*,4.61926,*
*,*,*,*,*,*,Yes,*,*,*,*
*,*,*,*,*,Dead,*,*,*,*,*
*,78.5387,*,*,*,Good,*,*,*,0.161607,*
*,*,*,181.195,*,*,*,*,3.26331,*,98.9417
*,*,71.765,*,La_Nina,Good,*,*,*,*,396.948
*,*,*,21.7165,El_Nino,*,*,*,*,*,*
*,*,*,*,*,*,*,*,*,*,*
6.38312,*,*,*,*,*,No,*,*,*,*
*,*,*,*,*,*,No,*,*,*,*
*,*,*,*,*,*,*,No,4.63984,4.13212,*
*,*,*,*,*,Good,*,*,*,6.80236,*
*,185.747,*,66.6138,*,*,*,No,*,*,*
*,*,*,*,*,Damaged,*,*,*,*,*
*,*,*,*,*,*,*,*,*,*,*
*,38.6951,74.2164,*,*,*,*,*,4.53309,*,*
*,*,*,*,*,Dead,*,*,0.0887718,1.11828,*
*,*,*,*,*,*,*,*,*,*,*
*,*,26.7582,*,*,*,*,No,*,*,*
*,*,*,*,*,Good,*,No,*,*,*
*,*,*,*,*,*,*,*,*,*,*
*,62.5131,*,77.7534,Neutral,*,*,No,*,9.4295,150.056
*,91.1058,*,*,Neutral,*,*,*,*,*,*
*,*,*,*,El_Nino,Good,Yes,*,*,*,*
*,*,*,65.0333,*,Damaged,*,No,2.81134,2.45297,*
*,*,44.3205,338.544,La_Nina,*,*,*,*,2.78535,214.187
*,*,*,*,*,*,*,*,*,*,*
*,*,*,*,Neutral,*,No,*,*,*,*
7.73685,*,*,195.115,*,*,Yes,*,*,*,*
*,*,166.463,*,*,*,*,*,*,*,*
*,*,103.599,*,*,*,No,No,*,*,*
*,*,*,*,*,*,*,*,*,*,*
3.22644,351.443,*,*,*,Good,*,Yes,*,*,*
*,*,*,*,*,*,*,Yes,*,*,*
*,*,*,83.6923,Neutral,*,*,*,*,*,*
1.29949,*,*,177.238,*,*,*,*,*,0.124517,66.8407
1.9779,*,*,*,*,*,Yes,No,*,*,*
*,*,*,292.882,La_Nina,*,*,*,4.75812,3.16366,*
*,90.9185,*,*,*,*,*,*,4.97148,*,1.7281
*,*,*,*,*,*,*,*,3.64882,*,*
*,*,*,*,*,*,*,*,*,*,*
*,87.2174,*,*,*,*,*,No,*,0.549962,99.9822
*,*,15.8607,*,*,*,No,*,*,*,315.055
*,*,*,123.382,*,*,Yes,*,*,*,29.5345
*,249.431,165.736,*,*,*,*,*,4.82562,1.60183,*
*,*,*,*,*,*,*,Yes,*,*,73.8991
*,*,*,*,*,*,*,*,*,0.535476,*
8.41286,*,*,180.461,*,Good,*,*,*,*,*
*,*,*,*,*,*,*,Yes,*,*,282.686
1.88117,*,*,*,*,*,No,No,1.98623,*,*
2.44512,*,73.6367,219.432,La_Nina,*,*,*,*,*,*
*,*,182.092,*,La_Nina,*,Yes,*,*,*,*
*,*,*,*,*,*,*,No,4.70458,*,59.5518
6.97745,*,*,*,*,*,*,*,*,*,*
*,*,*,106.381,*,*,*,*,*,*,*
*,*,*,*,*,*,Yes,*,*,7.0182,179.816
0.797869,*,*,*,*,Good,*,*,2.98946,*,*
*,*,*,*,*,Dead,*,*,*,2.42648,*
*,*,*,*,*,*,*,*,*,1.34685,*
*,15.8724,*,*,*,Damaged,*,*,*,9.63813,*
*,*,53.2953,*,*,Good,*,*,*,*,76.5174
*,*,*,*,*,*,No,*,*,*,*
*,*,*,*,Neutral,*,*,*,*,7.19662,221.351
*,*,*,*,*,*,*,Yes,*,*,*
*,*,*,*,*,*,No,*,*,*,19.1937
*,*,*,*,*,*,Yes,*,*,6.82966,*
*,*,*,*,*,*,*,*,3.3733,1.11228,*
*,*,*,*,*,*,*,*,*,*,*
*,*,*,*,Neutral,Good,*,*,*,*,*
*,4.20012,*,*,*,*,*,No,*,*,*
*,*,46.8459,*,*,*,*,*,0.470919,*,52.6652
1.76808,*,*,*,*,Damaged,*,*,*,*,16.6621
*,166.917,*,*,*,*,No,*,*,*,*
0.431141,*,45.792,*,Neutral,*,No,*,*,*,*
0.119444,*,*,*,*,Damaged,No,*,*,*,*
0.00447106,*,*,*,El_Nino,*,No,*,*,*,*
*,*,66.4325,*,*,*,*,Yes,2.52869,*,*
*,*,40.6457,*,Neutral,*,Yes,*,*,*,*
0.256587,*,*,*,*,*,*,*,*,*,*
*,*,*,*,*,Good,Yes,*,*,0.816686,*
*,*,*,*,*,*,*,*,*,*,*
*,*,*,*,*,*,*,*,*,*,*
0.42427,159.994,*,183.976,Neutral,*,*,*,*,*,*
*,*,*,*,*,*,*,*,*,1.92171,*
*,24.8771,*,295.171,*,*,*,*,3.50868,*,*
*,*,*,*,Neutral,*,*,*,*,*,*
*,*,*,165.793,*,*,*,*,*,*,81.8729
*,*,*,*,*,*,No,*,*,*,*
*,*,*,104.299,Neutral,Damaged,*,*,*,*,*
*,*,*,*,*,*,*,No,*,*,*
*,42.3419,*,*,*,Good,*,*,*,*,*
*,*,46.5155,*,Neutral,*,*,Yes,*,*,*
*,*,*,*,Neutral,*,*,*,*,*,*
*,*,79.2973,*,*,*,*,*,*,*,*
*,*,*,*,*,*,*,*,2.86104,*,*
*,*,11.9257,*,El_Nino,*,*,*,2.16453,*,*
*,*,*,*,*,Good,*,*,4.17121,*,310.814
*,188.258,72.4018,*,*,*,*,*,*,*,*
*,*,*,240.56,*,*,*,Yes,*,*,*
*,*,*,*,*,*,*,*,*,*,*
*,*,20.7197,92.8651,*,*,No,*,*,*,*
*,*,85.2474,*,El_Nino,*,*,*,*,*,*
8.43843,*,*,*,*,*,*,*,*,*,*
*,*,*,*,*,*,Yes,*,*,*,*
8.45349,*,*,*,*,*,*,Yes,*,*,*
0.620454,140.838,141.793,*,Neutral,*,No,*,*,*,*
*,*,*,*,*,*,*,No,2.43932,*,*
*,81.4231,*,*,*,*,*,No,*,*,*
*,*,*,39.5317,*,*,*,*,*,*,*
*,185.047,137.622,*,*,*,*,*,*,*,*
*,*,*,117.71,Neutral,*,*,*,*,*,*
*,*,37.9342,*,*,Damaged,*,*,*,*,*
*,*,*,*,*,*,*,*,*,*,*
*,*,*,*,*,*,No,*,4.65105,*,94.1503
*,*,*,*,*,*,*,*,*,8.6972,*
*,*,*,*,Neutral,Good,*,*,*,0.154301,*
*,*,*,29.2932,*,*,*,*,*,*,*
*,*,*,*,*,Good,*,*,*,*,*
*,*,*,94.1787,*,*,*,*,*,*,*
*,*,*,*,Neutral,*,*,No,*,2.49776,*
*,*,*,45.8999,El_Nino,Damaged,Yes,*,2.99452,1.87631,*
*,*,*,*,Neutral,Good,*,*,*,*,*
*,85.8039,*,*,Neutral,*,*,*,*,*,*
*,*,*,199.11,*,Good,*,*,*,*,*
*,*,*,*,*,Damaged,*,*,4.52315,*,*
*,*,*,*,*,Damaged,*,*,1.56995,0.035789,*
*,*,*,*,*,Good,*,No,*,1.14186,*
0.209632,*,127.142,305.597,*,*,*,Yes,*,*,*
*,*,*,*,*,Good,No,*,*,*,*
*,*,191.838,*,*,Good,No,*,*,*,*
*,*,*,*,*,*,*,*,4.04887,0.690609,*
*,*,*,*,*,*,*,*,*,*,*
*,*,*,*,*,*,Yes,*,*,*,*
0.226188,*,*,*,Neutral,*,Yes,*,*,2.47168,*
*,*,*,*,*,*,*,*,4.68716,*,*
4.78053,*,24.1862,65.517,Neutral,*,*,*,*,*,*
*,*,26.6893,*,*,*,*,*,*,*,*
*,*,*,273.204,La_Nina,*,*,*,*,*,*
*,*,*,*,El_Nino,*,*,*,*,*,*
*,6.48634,*,173.199,*,*,*,*,*,*,*
*,*,*,140.358,*,Good,*,*,*,*,*
*,*,*,*,*,*,*,*,3.50902,*,*
*,*,*,*,*,*,*,*,*,*,*
*,*,*,*,*,*,*,*,*,*,*
0.371767,*,*,11.5749,*,*,*,No,*,*,*
1.46091,*,*,*,*,Good,*,*,*,*,132.363
*,9.88654,*,165.038,*,*,*,*,*,*,*
6.05019,*,*,335.109,*,Good,*,*,*,*,*
*,*,*,*,*,*,*,*,*,0.105619,*
*,*,76.0272,163.657,Neutral,Good,*,*,*,*,21.1451
*,*,*,141.998,*,*,*,*,*,*,*
*,98.6196,16.4394,85.2503,*,*,*,*,*,*,*
*,*,110.676,*,*,Good,*,*,*,*,78.6349
*,*,*,*,*,Good,No,No,*,*,217.53
*,*,38.089,*,Neutral,*,*,*,*,1.54671,*
*,*,*,*,*,*,No,No,*,*,*
*,*,46.7247,*,La_Nina,Good,No,*,*,*,*
*,*,*,*,*,Damaged,*,*,*,7.71152,*
1.18354,*,68.6554,*,*,*,*,*,*,*,*
*,68.8507,*,*,*,*,*,*,*,0.40538,*
*,*,*,*,*,*,*,*,*,*,121.702
*,259.998,*,173.82,*,*,*,*,*,*,*
*,*,*,*,El_Nino,Good,Yes,*,*,*,*
*,*,*,*,*,Good,*,*,*,*,33.9549
*,*,*,*,*,*,*,*,*,*,*
*,*,*,*,*,*,No,*,*,4.46537,*
*,*,*,*,La_Nina,*,No,*,1.67155,*,26.3437
8.0355,*,*,*,*,Good,*,*,4.98454,*,*
*,*,*,*,Neutral,*,*,*,*,*,*
1.4287,*,*,199.613,*,*,*,Yes,4.64032,*,*
1.9541,*,*,*,*,*,*,*,*,0.492656,*
*,*,114.538,*,*,Good,*,*,*,*,53.7399
*,212.357,*,*,*,*,Yes,*,*,*,*
*,*,*,*,*,*,*,No,*,*,*
*,*,*,181.235,Neutral,Damaged,*,*,*,*,*
*,*,*,*,*,*,*,No,2.21477,*,*
*,*,*,*,La_Nina,*,*,*,*,*,122.48
9.62973,*,70.3281,*,Neutral,*,*,*,*,*,*
*,*,*,*,*,*,*,No,*,*,284.655
*,*,*,*,*,*,*,*,*,*,*
*,*,*,*,*,*,*,No,*,*,*
*,*,*,*,*,Good,*,*,*,0.317996,20.207
*,*,*,*,*,*,No,*,*,*,*
*,*,5.2939,*,*,*,*,Yes,4.25784,*,*
0.504877,*,*,48.6051,*,*,No,*,*,0.715186,6.37198
*,331.083,*,*,*,*,*,*,*,*,*
5.84563,31.5921,*,*,*,*,No,Yes,*,*,42.2637
*,*,*,*,*,*,*,*,4.05698,*,*
4.64752,*,*,*,*,*,*,Yes,*,*,*
*,*,*,*,*,*,*,*,*,*,47.7004
*,*,27.8073,*,*,*,*,*,2.14015,*,*
*,*,55.2316,*,*,*,*,*,3.9062,*,*
*,*,*,*,*,*,*,*,3.04055,*,*
9.9861,*,*,*,*,*,*,*,*,*,*
*,218.251,*,*,*,*,*,*,*,*,92.1213
*,*,*,*,La_Nina,*,No,No,*,3.65538,*
*,232.159,*,*,*,*,*,*,*,*,*
*,*,67.2196,*,La_Nina,*,*,*,2.98969,*,*
*,*,6.47859,*,*,Damaged,*,*,*,1.75394,*
*,*,*,*,La_Nina,*,*,*,*,*,*
*,74.8187,*,45.5528,*,*,*,*,*,*,*
*,*,*,182.444,*,Good,*,*,*,*,*
*,*,*,*,*,*,*,*,*,*,48.7662
*,*,198.9,*,*,*,*,*,*,*,*
*,*,*,168.396,*,Damaged,*,*,*,*,62.5456
*,*,*,*,*,*,*,*,2.80234,*,*
0.975462,*,*,*,*,*,No,Yes,*,*,*
*,*,*,*,*,*,No,No,*,*,*
*,*,*,*,La_Nina,*,*,*,*,*,*
1.55417,*,5.70303,*,*,*,*,Yes,3.01685,0.882489,38.9951
*,*,*,184.23,*,*,No,*,4.74619,*,*
*,*,120.636,*,*,*,No,*,*,*,*
*,*,*,*,Neutral,*,*,*,*,1.09239,*
*,*,*,*,La_Nina,*,*,*,4.78429,9.30146,*
*,*,*,*,*,*,*,*,*,*,*
*,*,*,*,*,*,*,*,*,*,*
0.778343,*,*,*,*,*,*,No,*,*,191.154
*,*,*,*,Neutral,*,*,No,*,0.23428,*
*,3.50375,*,*,*,*,*,*,3.90383,*,*
*,*,*,*,La_Nina,*,*,*,*,1.03396,*
*,*,*,*,*,*,*,*,*,*,244.299
*,*,*,*,*,*,*,*,*,*,79.0084
*,*,*,*,*,*,*,*,*,*,*
*,*,*,*,*,*,*,*,*,*,*
*,*,*,*,*,*,*,*,*,*,*
*,*,*,*,La_Nina,*,No,*,4.00078,1.80213,*
*,33.7646,*,*,*,*,*,*,2.77665,0.565757,*
0.779981,*,*,*,*,Damaged,No,*,*,*,*
*,*,*,*,*,Good,*,*,*,*,*
*,*,*,*,*,*,*,No,*,*,350.47
2.03952,209.781,87.4498,*,*,*,No,*,*,*,*
*,*,*,113.105,*,*,*,No,*,0.469704,*
*,*,64.5332,*,*,*,*,*,3.98496,*,*
*,*,*,*,*,*,Yes,*,*,*,*
2.91651,*,98.2327,120.31,Neutral,*,No,*,*,*,*
1.82905,173.26,*,*,*,*,*,No,2.73093,*,*
*,*,*,*,Neutral,Damaged,No,*,*,*,*
*,*,*,*,El_Nino,*,*,*,*,*,*
*,*,*,*,*,*,*,*,*,*,*
*,*,47.7822,*,*,*,*,*,*,*,*
*,*,*,*,*,*,*,*,*,1.92756,45.6376
0.667168,*,*,*,El_Nino,Good,*,*,*,*,77.6122
1.58349,27.0705,*,34.9565,*,*,*,No,4.35427,*,*
*,*,*,*,Neutral,*,Yes,*,*,*,40.3603
0.394256,*,*,*,*,*,*,*,*,*,11.2574
*,*,*,*,El_Nino,*,*,*,*,*,*
*,66.0647,*,*,Neutral,*,*,*,*,5.3839,*
3.34545,*,*,*,*,*,*,*,*,*,*
1.11983,26.4561,*,*,*,*,*,*,*,*,*
*,*,*,*,*,*,No,*,*,*,*
*,*,*,167.233,*,Damaged,*,*,1.19216,0.260602,*
0.452984,*,*,*,*,Damaged,*,*,*,7.08935,*
*,*,*,*,*,*,*,*,*,0.0758082,12.3446
*,*,*,*,*,*,*,*,*,*,307.162
*,294.121,*,*,*,*,*,*,*,*,*
*,*,14.9684,*,El_Nino,*,Yes,*,*,*,74.775
*,*,*,*,*,Good,*,*,*,7.46388,*
1.79582,*,*,*,*,*,*,*,*,9.1291,*
1.99196,*,*,142.042,Neutral,*,*,*,*,1.73767,*
*,*,*,*,*,*,*,*,*,*,*
*,*,*,*,*,*,*,*,*,*,*
*,*,*,*,*,*,*,No,*,0.417938,*
*,*,154.461,*,*,*,*,*,3.8497,*,*
*,*,*,*,*,Damaged,*,*,*,4.58019,*
9.78145,*,*,64.8498,*,Good,Yes,*,*,*,*
*,*,*,*,*,*,*,*,*,*,*
4.54413,361.263,*,*,*,Good,*,*,*,*,*
*,295.306,*,*,*,*,*,*,*,*,3.47792
*,*,*,*,*,*,*,*,*,3.80036,*
*,*,*,*,La_Nina,*,*,*,3.05858,*,*
*,*,*,194.074,*,*,Yes,*,*,1.94555,*
*,*,*,*,Neutral,*,*,*,*,*,*
*,*,*,*,La_Nina,Good,*,*,*,*,*
*,*,*,*,Neutral,*,No,*,*,*,*
*,*,*,*,*,*,*,*,*,*,*
*,*,*,*,Neutral,Good,*,*,*,*,*
*,*,*,*,*,*,*,No,*,*,*
*,*,*,*,*,*,*,*,*,*,*
*,*,*,*,*,*,Yes,*,*,*,*
*,*,26.6411,*,*,*,*,*,*,*,*
*,373.435,*,*,La_Nina,*,*,*,*,*,*
*,*,*,*,*,*,*,*,*,*,*
1.30816,93.943,*,*,*,*,No,*,*,*,*
0.874316,8.31076,34.5704,*,*,*,Yes,*,*,*,*
*,303.548,*,*,*,*,*,*,*,*,*
*,*,*,*,*,*,*,*,3.44151,*,*
*,*,*,*,*,Good,*,No,*,*,*
*,33.1535,*,*,*,*,*,*,*,*,303.173
*,*,104.947,*,*,*,*,No,*,*,*
*,*,*,*,*,*,Yes,*,*,*,*
*,*,*,*,*,*,Yes,*,*,*,*
*,*,*,*,*,Good,*,*,*,*,*
*,*,36.4646,*,Neutral,Good,*,Yes,*,*,96.5925
*,*,*,*,El_Nino,*,Yes,No,*,*,25.5172
*,*,*,*,*,*,No,*,*,0.632473,*
*,172.634,*,*,Neutral,*,*,*,*,*,*
*,*,*,*,*,*,*,*,2.90446,*,*
*,203.306,*,*,La_Nina,*,*,*,*,*,17.7555
6.75471,*,45.6064,*,*,Good,*,*,3.64779,*,*
*,*,*,*,El_Nino,*,Yes,*,*,0.404209,*
4.62134,*,*,*,*,*,No,*,*,0.970797,*
*,*,47.7303,*,*,*,Yes,*,*,1.92909,35.0226
*,245.703,*,*,*,Good,No,*,*,*,349.891
*,*,*,*,*,*,*,*,*,*,*
*,*,*,*,*,*,*,*,*,0.716096,*
6.3916,*,*,*,Neutral,*,*,*,*,1.43702,249.835
*,207.386,*,*,*,*,*,No,3.19396,*,*
0.53607,*,*,18.1562,*,*,*,*,*,1.03745,*
*,*,64.7147,106.536,*,Good,Yes,*,*,*,*
*,*,*,81.7112,Neutral,*,*,No,*,*,*
*,*,*,*,*,*,*,No,*,*,*
*,*,*,*,*,*,*,*,*,*,*
2.31542,*,*,*,Neutral,*,*,*,*,5.09325,*
*,*,*,294.377,*,*,No,No,*,*,*
*,55.8205,*,*,Neutral,Good,*,*,*,*,*
*,*,*,*,Neutral,*,No,*,*,2.55897,*
*,*,*,*,El_Nino,*,*,*,2.87538,0.808935,*
*,0.445412,23.0595,*,*,*,No,*,3.78531,*,*
9.9155,*,36.8197,*,*,*,Yes,No,3.20606,*,*
*,*,*,*,*,*,Yes,*,2.91611,*,*
5.57898,*,*,*,*,*,*,*,*,*,*
*,*,*,114.458,*,*,*,*,*,*,*
2.74515,*,*,*,*,*,*,No,*,*,*
1.27437,*,*,60.4053,*,*,*,*,*,*,*
*,*,*,*,*,*,*,No,*,*,*
*,*,*,*,*,*,*,*,*,*,*
*,285.738,*,*,*,*,*,*,*,*,*
2.60387,*,*,*,*,Good,*,*,*,7.95923,*
*,*,*,*,*,Good,No,*,2.78268,0.979348,*
*,*,68.4719,180.835,*,*,*,*,*,*,*
3.2992,13.8499,*,*,Neutral,*,*,*,*,*,85.6762
*,*,38.1201,*,Neutral,*,*,*,3.7244,*,*
*,*,*,*,*,*,*,No,2.31313,*,240.384
*,80.3288,*,176.986,*,*,*,*,*,*,*
*,*,*,*,Neutral,Good,No,No,*,*,*
6.35778,*,42.1626,*,*,Good,No,*,*,*,*
*,*,40.2663,*,*,*,*,*,*,*,*
*,380.337,*,164.794,*,*,*,*,*,8.05877,*
*,*,*,*,*,*,*,*,*,*,59.2416
*,*,*,*,*,*,*,*,*,7.37975,*
*,73.2072,*,*,Neutral,Damaged,*,*,*,*,*
*,*,*,*,La_Nina,*,*,*,2.23543,*,*
*,*,*,91.9477,*,Damaged,*,*,*,*,*
*,*,*,*,Neutral,*,*,*,2.88636,*,59.4378
*,*,*,*,*,*,*,*,*,*,98.0024
*,*,*,*,El_Nino,*,*,*,2.99081,*,*
*,*,*,*,La_Nina,*,*,No,*,*,280.359
*,*,*,*,*,*,*,No,*,*,*
0.754858,*,43.6441,*,*,*,*,*,*,*,*
*,*,*,*,*,*,Yes,*,*,*,*
1.2406,*,61.2098,*,*,*,*,*,*,*,66.9944
*,295.403,*,*,*,*,*,*,*,*,*
0.910187,*,*,*,*,Damaged,*,*,*,*,*
*,*,*,*,*,*,Yes,*,*,*,*
*,*,*,*,*,*,*,No,2.48126,*,67.9
*,39.5355,35.5856,*,*,Good,*,*,1.92049,*,*
*,*,*,*,*,*,*,*,*,*,239.184
0.682723,*,*,*,Neutral,*,*,No,*,*,*
*,148.595,*,*,*,*,No,Yes,4.81301,*,*
*,*,*,*,*,*,*,No,2.15748,*,*
0.0193944,*,*,*,Neutral,*,*,*,*,*,*
*,*,*,*,Neutral,*,Yes,*,*,*,218.358
*,*,*,*,*,*,*,*,4.49481,*,*
*,*,*,*,Neutral,*,*,*,*,*,*
*,*,127.639,*,*,*,*,*,*,*,362.722
*,42.4533,*,*,*,*,*,*,*,*,*
*,28.3983,*,*,Neutral,Damaged,*,No,*,*,29.5385
*,*,*,*,*,*,*,*,*,3.95302,*
*,*,*,*,*,*,Yes,No,*,*,*
*,*,*,172.143,*,Good,*,*,3.58335,*,208.295
8.0266,*,*,*,La_Nina,*,*,*,0.825302,*,90.9418
*,95.9576,*,*,*,*,No,*,*,2.05488,*
1.37723,4.89357,*,*,El_Nino,*,*,*,*,1.71843,*
*,325.849,*,288.533,La_Nina,*,*,*,*,*,*
*,47.9344,*,*,*,*,*,*,*,*,*
*,*,*,192.596,*,*,*,*,*,*,*
*,*,35.2489,*,*,*,*,*,*,*,*
1.28594,*,*,*,Neutral,*,*,*,1.81128,*,*
*,*,*,*,*,*,*,*,*,*,*
*,*,*,*,*,*,*,Yes,*,9.13827,*
*,*,*,*,*,*,*,*,*,*,*
*,*,*,89.3616,*,*,*,*,*,*,63.916
*,*,*,*,*,*,*,*,*,*,*
4.10079,*,*,*,*,*,*,*,*,*,*
*,48.7728,*,*,*,*,*,*,*,*,*
1.71315,*,190.717,*,Neutral,*,*,*,*,*,*
7.69501,*,*,*,Neutral,*,*,*,3.24164,*,*
6.76893,*,58.9769,*,Neutral,*,*,*,*,0.297976,61.9289
*,*,*,*,Neutral,Damaged,*,*,*,*,*
*,*,*,*,*,*,*,*,4.50377,*,*
*,*,*,*,*,*,*,*,*,1.199,*
*,3.74434,*,*,*,*,*,*,*,0.728859,*
*,*,*,*,*,Damaged,*,*,*,*,*
*,*,21.9597,*,La_Nina,*,*,*,2.74066,*,*
*,*,*,*,*,*,*,*,*,*,*
0.666161,*,16.6548,*,*,*,No,*,*,*,*
*,222.092,*,*,*,*,*,*,*,*,*
*,304.187,*,*,La_Nina,Good,*,*,*,*,*
*,*,*,*,El_Nino,*,*,*,*,*,*
*,*,*,*,Neutral,*,*,*,*,*,*
*,*,*,*,*,*,*,*,*,*,*
*,*,78.2981,*,*,*,*,No,*,*,*
*,*,197.722,*,*,*,*,No,*,*,*
*,*,*,*,*,*,*,*,*,*,*
*,*,*,*,La_Nina,*,*,No,*,*,264.536
*,*,*,*,El_Nino,*,*,No,*,*,*
*,340.025,17.9589,*,Neutral,*,*,*,*,0.89694,*
*,*,*,*,*,Good,*,*,2.28259,*,*
*,*,*,*,Neutral,*,*,*,*,2.96179,*
0.503881,*,*,120.365,*,*,No,*,2.38198,*,47.7958
*,*,13.8618,*,*,*,*,*,*,*,*
*,*,44.2516,*,Neutral,*,*,No,*,*,*
*,*,47.7457,*,Neutral,*,*,*,2.26002,*,*
*,*,*,*,*,Good,No,*,3.53088,1.43883,*
*,184.65,*,*,*,*,*,*,*,7.44555,*
*,*,*,*,*,*,*,*,*,*,*
8.2649,292.422,*,*,*,*,*,*,*,*,282.12
*,*,*,*,*,*,No,No,*,*,*
*,*,*,*,El_Nino,*,*,Yes,*,0.0283582,*
7.79529,*,*,*,*,*,*,Yes,*,*,*
*,*,*,*,*,*,*,*,*,*,*
*,*,27.5984,*,*,*,*,No,*,*,79.6489
*,*,*,86.0261,*,*,No,*,*,*,*
*,*,*,*,Neutral,*,*,*,4.54317,*,*
*,65.4631,*,*,*,*,*,*,3.31278,*,*
*,58.4578,*,*,El_Nino,Damaged,*,*,*,*,*
*,*,*,*,*,*,*,*,*,0.190152,*
*,*,27.4242,107.018,*,*,*,*,*,*,*
2.13598,*,*,*,Neutral,*,*,No,*,*,*
*,*,9.84587,*,Neutral,Damaged,*,*,*,*,*
*,*,*,*,*,*,*,*,*,*,*
*,*,*,*,*,Good,*,Yes,*,*,*
*,88.9461,9.27213,*,*,*,No,*,*,*,*
*,*,*,77.5191,*,*,Yes,*,*,1.04793,69.0558
*,*,66.8157,*,*,*,*,No,*,*,*
*,*,*,*,*,*,*,*,*,*,379.734
*,*,*,190.038,*,*,Yes,*,*,*,248.202
0.887277,*,*,30.9837,*,*,*,*,3.47876,1.34925,*
*,*,15.3364,*,*,*,*,No,*,0.459329,*
*,*,*,*,Neutral,*,*,*,*,*,92.2049
*,*,38.0617,105.496,Neutral,*,*,*,*,*,*
6.40968,*,*,*,*,*,*,No,*,*,*
*,*,*,*,*,*,*,*,*,*,*
*,*,80.7032,*,La_Nina,*,*,No,*,*,*
2.39477,*,*,*,*,*,*,*,*,*,17.027
4.20781,*,*,*,Neutral,*,*,No,*,*,*
*,*,*,*,*,*,*,*,*,6.25214,*
*,*,*,*,*,*,*,Yes,*,1.93768,99.6013
*,*,*,*,*,*,*,*,4.33275,*,*
*,*,*,114.389,*,Good,*,*,*,*,*
*,*,*,*,*,*,*,*,*,*,*
*,*,*,41.9287,*,*,*,*,*,*,*
*,*,*,*,El_Nino,*,No,*,*,*,*
*,*,*,*,*,*,*,No,4.89205,*,*
*,*,*,*,*,Good,*,*,4.05041,*,*
*,*,*,*,*,*,Yes,*,*,*,*
*,*,*,89.512,*,*,*,Yes,*,*,*
*,*,*,*,*,Good,*,*,*,7.37761,*
*,*,171.925,96.8372,*,*,*,*,*,*,*
*,61.2608,*,*,*,*,*,*,*,*,*
*,*,*,*,*,*,Yes,No,*,*,*
8.22143,*,*,146.756,*,*,*,*,2.52756,*,*
*,*,*,*,*,Good,*,*,*,*,*
*,*,*,*,*,*,*,*,4.51253,*,*
3.65524,*,*,*,*,*,*,Yes,*,*,*
1.81673,*,*,*,El_Nino,*,*,No,*,*,31.9514
9.14931,*,86.9646,*,*,*,*,*,3.88719,*,210.021
*,*,*,*,*,*,No,*,4.22749,*,169.917
*,*,*,*,*,*,*,*,*,*,*
1.03882,*,159.42,*,*,*,No,*,*,*,*
*,*,*,*,*,*,*,*,*,*,*
7.47018,*,*,*,*,*,*,*,*,*,*
*,*,*,*,*,Damaged,No,*,*,3.73157,*
*,*,7.76076,*,El_Nino,Dead,*,*,*,*,*
*,*,*,*,Neutral,*,*,No,*,0.230081,*
*,31.177,*,146.24,*,*,*,*,*,*,88.1259
*,93.6863,*,*,*,*,Yes,*,*,0.812952,*
*,*,*,327.895,*,Damaged,*,*,*,0.876177,*
*,*,*,*,El_Nino,*,*,*,*,*,*
*,*,*,*,*,*,*,*,*,*,*
5.69279,*,*,*,*,*,*,*,*,*,*
*,*,*,*,*,Damaged,*,*,*,*,*
*,*,*,*,*,*,*,*,*,*,*
*,*,*,*,*,*,*,*,*,*,*
2.46054,*,*,*,*,*,*,*,*,*,*
*,*,*,*,*,*,No,*,3.92838,*,*
*,*,*,78.2361,*,*,*,*,*,*,*
*,*,*,*,*,*,*,*,*,*,*
*,*,41.5851,69.7846,*,*,*,No,*,1.9459,*
*,*,*,*,*,Good,*,*,2.45185,*,*
*,*,*,93.3732,*,*,No,*,*,*,*
7.36196,*,*,*,*,*,*,No,*,*,*
*,35.6532,*,*,*,*,*,*,*,*,*
*,64.5986,*,*,*,*,*,No,*,*,*
*,*,*,142.849,*,*,*,*,*,*,21.8218
8.59675,*,*,*,Neutral,*,*,*,3.41397,*,232.273
*,224.242,*,*,*,*,*,*,*,*,*
*,306.899,*,*,*,Good,*,*,*,*,*
*,352.188,*,150.155,Neutral,*,*,No,*,*,*
2.43285,*,*,*,*,*,*,Yes,*,*,*
*,55.03,*,*,*,*,*,*,*,*,*
*,353.333,*,*,*,*,*,*,2.83249,*,29.0498
*,3.29154,*,*,*,*,*,*,*,*,*
*,*,*,*,*,*,*,*,4.50715,*,*
*,54.599,*,*,*,*,*,*,*,*,*
*,*,*,*,Neutral,*,*,*,*,*,*
0.0840988,*,*,*,*,*,*,*,*,*,178.688
*,*,27.165,*,*,*,*,*,*,*,*
*,*,*,*,Neutral,*,*,*,*,*,385.077
*,271.338,79.1907,*,*,Good,No,No,*,*,*
*,219.813,*,*,*,*,*,*,*,1.40182,*
*,*,*,56.9567,*,Good,*,No,4.64267,*,*
*,82.6544,*,*,*,*,*,*,*,*,0.0081642
*,*,*,*,*,*,*,*,*,*,*
*,*,*,*,Neutral,*,*,*,*,*,*
*,310.143,*,*,*,Good,*,*,*,*,*
3.04115,*,*,*,*,*,*,*,*,*,*
*,*,184.63,353.603,*,*,*,*,*,*,*
*,*,75.4698,*,*,*,*,*,*,*,*
*,*,*,*,*,*,*,*,*,*,83.8792
*,*,*,*,*,*,No,*,4.99904,1.39915,*
*,*,*,53.1202,*,*,*,*,*,*,*
*,*,*,*,*,*,No,*,*,*,*
*,*,*,*,*,*,*,*,0.0113433,*,*
*,*,*,*,Neutral,*,*,No,*,*,*
*,*,*,*,La_Nina,*,*,*,*,*,*
0.726674,*,*,*,El_Nino,*,*,*,*,*,70.7443
*,*,*,*,*,*,No,*,*,*,*
*,380.181,*,373.286,*,*,*,*,2.44649,*,297.811
*,312.085,*,*,*,*,*,*,*,*,*
0.962173,*,*,*,*,Good,*,*,*,*,*
*,*,43.8437,*,*,*,*,*,*,*,*
*,53.3772,*,*,*,*,*,*,*,*,*
4.31575,*,*,279.918,*,Good,*,No,3.17304,3.54622,203.341
*,*,*,*,Neutral,*,*,*,*,*,*
*,*,*,*,*,Damaged,*,Yes,4.77348,*,86.661
0.189358,1.5574,*,34.0671,*,Good,*,*,*,*,*
1.88516,*,*,*,El_Nino,*,Yes,No,4.72411,*,47.0365
*,*,*,*,*,*,*,*,2.03959,0.883447,50.1273
*,*,*,150.104,Neutral,Good,*,*,*,*,*
0.482737,*,*,*,*,*,*,*,*,*,*
*,*,*,154.062,*,*,*,*,*,*,*
*,367.607,*,*,Neutral,*,*,*,*,*,*
0.560736,*,*,*,El_Nino,*,*,*,*,*,*
0.565522,*,*,47.4341,*,*,*,No,*,*,*
1.60374,*,*,*,*,*,*,*,*,*,*
1.82371,*,*,*,*,Good,*,*,4.81149,*,5.46876
*,*,71.9138,*,*,*,*,*,*,4.6791,*
*,*,*,43.5267,El_Nino,*,Yes,No,*,*,*
1.45207,*,81.7846,*,*,*,*,*,3.84566,*,*
*,*,*,152.017,Neutral,*,*,No,*,*,*
*,*,*,*,*,*,*,*,*,*,*
*,*,*,*,*,*,No,No,*,0.104561,*
7.30746,*,*,104.796,*,*,*,*,*,1.99212,*
*,*,*,*,*,Good,Yes,*,2.90497,*,*
*,*,*,*,*,*,*,*,2.39866,*,310.07
*,*,*,123.317,*,*,No,*,*,*,*
*,*,*,125.41,*,*,*,*,0.589905,*,*
*,*,*,*,*,*,*,No,*,*,*
*,26.0205,*,*,*,Good,*,*,*,0.252122,*
*,*,33.9109,*,*,*,*,*,*,*,*
*,376.834,97.1085,*,*,*,*,No,*,1.21517,*
*,*,*,*,*,Damaged,*,*,*,9.30787,*
0.495465,*,*,5.05191,*,*,*,*,*,1.35475,52.5196
*,*,*,*,*,*,*,No,3.17792,1.74426,*
1.68319,*,*,*,*,*,*,No,*,*,40.4247
*,*,*,*,*,*,*,*,*,*,*
*,*,34.7986,*,*,*,*,*,*,*,*
*,*,*,*,*,Damaged,No,*,*,*,*
*,*,135.012,*,Neutral,*,*,*,*,*,*
*,*,*,128.681,*,Good,No,No,*,1.94665,*
*,96.772,*,171.05,Neutral,*,*,No,*,*,*
*,269.633,163.213,*,*,Good,*,*,*,*,84.8623
*,*,*,*,*,*,Yes,*,*,1.68035,*
*,*,*,*,*,*,*,*,*,*,*
*,*,*,*,*,*,*,*,*,*,93.8992
4.0736,*,*,125.493,*,*,*,*,*,*,296.288
9.37393,*,*,*,Neutral,*,*,*,*,0.907133,46.6317
5.22093,*,*,*,*,*,*,*,*,0.557031,*
*,*,*,*,*,*,*,*,*,1.44135,*
*,112.171,4.28525,62.5948,*,*,*,No,*,*,*
4.50346,*,*,*,*,*,*,*,*,*,*
*,*,*,*,*,Good,No,*,*,*,75.1948
*,*,*,*,*,*,*,*,*,*,*
1.30474,*,*,*,*,Damaged,*,*,*,*,*
*,31.3745,*,*,*,*,*,*,*,*,*
3.51578,*,*,*,Neutral,Damaged,*,*,*,1.89179,*
*,*,*,*,Neutral,*,Yes,*,*,4.97191,*
*,*,*,*,Neutral,*,*,*,*,*,*
*,77.4702,*,*,*,*,Yes,*,*,*,65.077
*,46.8694,*,*,*,*,Yes,*,4.38444,*,159.713
*,*,*,*,*,*,*,No,*,*,367.035
*,368.119,*,*,*,*,*,No,*,*,*
*,*,*,*,*,*,*,*,4.97277,*,*
*,*,*,*,*,*,*,No,*,*,*
*,*,115.826,*,*,*,*,*,*,*,*
*,*,*,*,*,Good,*,No,*,*,94.3241
*,*,*,*,*,*,No,Yes,4.86759,*,*
*,*,36.4601,*,*,*,No,Yes,*,*,*
*,*,*,*,*,*,No,*,4.06721,*,*
4.44926,*,81.1593,*,*,*,No,*,*,*,*
*,*,75.1764,*,La_Nina,Good,No,*,*,*,*
1.33548,*,*,*,*,*,*,*,*,*,*
*,*,*,85.6281,*,*,No,*,*,*,*
*,310.779,*,120.987,Neutral,Good,*,*,*,1.7753,*
1.67632,*,*,*,*,Good,*,*,*,*,36.4877
*,*,28.9653,*,*,*,*,*,*,*,*
*,*,19.7317,*,Neutral,*,*,No,*,*,*
*,49.5916,*,157.069,*,*,No,*,*,*,97.7362
0.0840448,*,62.0022,89.9878,*,*,*,*,*,*,*
0.611643,*,5.15674,*,*,*,Yes,*,*,1.80808,69.3807
*,*,*,*,Neutral,*,*,*,2.06528,*,*
*,*,*,*,*,Damaged,*,*,1.6495,4.85179,*
*,*,*,*,*,*,*,*,*,*,*
*,*,2.44834,*,*,Good,*,No,*,*,*
*,21.0189,41.6312,*,*,Good,*,*,*,6.99736,188.78
*,268.005,*,*,*,Good,*,*,*,6.43597,*
9.92113,298.177,*,*,*,Good,*,*,4.45884,*,299.053
*,*,*,*,La_Nina,*,*,*,*,*,57.8942
*,*,*,*,*,*,*,*,*,0.847056,*
*,*,*,169.116,*,*,*,*,*,*,*
*,*,*,*,*,*,*,Yes,*,*,*
*,*,*,*,*,*,*,*,*,*,*
*,*,*,116.023,Neutral,*,No,*,*,*,*
*,*,*,*,*,*,*,*,*,3.31345,*
*,*,*,*,*,*,No,Yes,*,*,*
*,*,*,*,*,*,*,*,*,2.41974,301.946
*,383.083,*,*,*,*,*,*,*,*,*
5.24287,*,*,*,*,*,No,*,*,*,*
*,94.8411,*,106.091,*,*,*,*,4.24562,2.30564,*
*,*,*,*,El_Nino,Good,*,*,1.62654,*,324.125
*,*,35.2024,*,*,*,*,*,2.19135,*,*
9.81666,*,*,*,*,*,*,*,2.76636,*,*
